-- alter table CITATION modify zone_designation varchar(100);

-- INSERT INTO Parking_Lots (zone_designation, address, name, NUMBER_OF_SPACES) values ('A, B, C, D', '2105 Daniel Allen St, NC 27505', 'Freedom Lot', 150);
-- INSERT INTO Parking_Lots (zone_designation, address, name, NUMBER_OF_SPACES) values ('A, B, C, D, AS, BS, CS, DS, V', '2108 McKent St, NC 27507','Premiere Lot', 200);
-- INSERT INTO Parking_Lots (zone_designation, address, name, NUMBER_OF_SPACES) values ('AS, BS, CS,DS, V' ,'2704 Ben Clark St, NC 26701','Justice Lot', 175);

-- select * from SPACES;
--
-- INSERT INTO PERMIT (PERMIT_ID, ZONE, START_DATE, EXPIRY_DATE, EXPIRY_TIME, CAR_MANUFACTURER, MODEL, YEAR, COLOR, VEHICLE_NUMBER) VALUES ('20V0001A', 'V',	TO_DATE('2020-08-12','YYYY-MM-DD'),		TO_DATE('2020-08-12','YYYY-MM-DD'),		TO_TIMESTAMP('2020-08-12 16:00:00','YYYY-MM-DD HH24:MI:SS'),	'Toyota',	'Camry',	'2018',	'RED',	'CDF5731');
-- INSERT INTO PERMIT (PERMIT_ID, ZONE, START_DATE, EXPIRY_DATE, EXPIRY_TIME, CAR_MANUFACTURER, MODEL, YEAR, COLOR, VEHICLE_NUMBER) VALUES ('20V0021L',	'V',	TO_DATE('2020-08-14','YYYY-MM-DD'),		TO_DATE('2020-08-14','YYYY-MM-DD'),		TO_TIMESTAMP('2020-08-14 14:00:00','YYYY-MM-DD HH24:MI:SS')	,	'Kia',	'Rio',	'2017',	'blue',	'TRK1093');
-- INSERT INTO PERMIT (PERMIT_ID, ZONE, START_DATE, EXPIRY_DATE, EXPIRY_TIME, CAR_MANUFACTURER, MODEL, YEAR, COLOR, VEHICLE_NUMBER, SPACE_TYPE) VALUES ('20V0015J',	'V',	TO_DATE('2020-08-17','YYYY-MM-DD'),		TO_DATE('2020-08-17','YYYY-MM-DD'),		TO_TIMESTAMP('2020-08-17 12:10:00','YYYY-MM-DD HH24:MI:SS')	,	'Nissan',	'Maxima',	2015,	'black',	'UGY9123', 'handi');
-- INSERT INTO PERMIT (PERMIT_ID, ZONE, START_DATE, EXPIRY_DATE, EXPIRY_TIME, CAR_MANUFACTURER, MODEL, YEAR, COLOR, VEHICLE_NUMBER, SPACE_TYPE) VALUES ('20V0021L',	'V',	TO_DATE('2020-08-17','YYYY-MM-DD'),		TO_DATE('2020-08-17','YYYY-MM-DD'),		TO_TIMESTAMP('2020-08-17 12:45:00','YYYY-MM-DD HH24:MI:SS')	,	'Tesla',	'Model X'	,2019,	'silver'	,'AKL1732','electric');
-- INSERT INTO PERMIT (PERMIT_ID, ZONE, START_DATE, EXPIRY_DATE, EXPIRY_TIME, CAR_MANUFACTURER, MODEL, YEAR, COLOR, VEHICLE_NUMBER, SPACE_TYPE) VALUES ('20V0026P',	'V',	TO_DATE('2020-08-19','YYYY-MM-DD'),		TO_DATE('2020-08-19','YYYY-MM-DD'),		TO_TIMESTAMP('2020-08-19 16:50:00','YYYY-MM-DD HH24:MI:SS')	,	'Audi',	'Q3',	'2016',	'white',	'UWA1118', 'handi');
-- INSERT INTO PERMIT (PERMIT_ID, ZONE, START_DATE, EXPIRY_DATE, EXPIRY_TIME, CAR_MANUFACTURER, MODEL, YEAR, COLOR, VEHICLE_NUMBER) VALUES ('20V0012B',	'V',	TO_DATE('2020-09-21','YYYY-MM-DD'),		TO_DATE('2020-09-21','YYYY-MM-DD'),		TO_TIMESTAMP('2020-09-21 13:30:00','YYYY-MM-DD HH24:MI:SS')	,	'Kia',	'Rio',	'2017'	,'blue',	'TRK1093');
-- INSERT INTO PERMIT (PERMIT_ID, ZONE, START_DATE, EXPIRY_DATE, EXPIRY_TIME, CAR_MANUFACTURER, MODEL, YEAR, COLOR, VEHICLE_NUMBER, SPACE_TYPE) VALUES ('20B0001B',	'B',	TO_DATE('2020-08-10','YYYY-MM-DD'),		TO_DATE('2021-08-09','YYYY-MM-DD'),		TO_TIMESTAMP('2021-08-09 23:59:00','YYYY-MM-DD HH24:MI:SS')	,	'Nissan',	'LEAF',	2018,	'black',	'VTZ87543', 'electric');
-- INSERT INTO PERMIT (PERMIT_ID, ZONE, START_DATE, EXPIRY_DATE, EXPIRY_TIME, CAR_MANUFACTURER, MODEL, YEAR, COLOR, VEHICLE_NUMBER, SPACE_TYPE) VALUES ('20CS001C',	'CS',	TO_DATE('2020-08-15','YYYY-MM-DD'),		TO_DATE('2020-12-14','YYYY-MM-DD'),	    TO_TIMESTAMP('2020-12-14 23:59:00','YYYY-MM-DD HH24:MI:SS')	,	'Chevrolet',	'Cruze',	'2014',	'silver',	'UGB9020', 'handi');
-- INSERT INTO PERMIT (PERMIT_ID, ZONE, START_DATE, EXPIRY_DATE, EXPIRY_TIME, CAR_MANUFACTURER, MODEL, YEAR, COLOR, VEHICLE_NUMBER) VALUES ('20D0021D',	'D',	TO_DATE('2020-07-10','YYYY-MM-DD'),		TO_DATE('2021-07-09','YYYY-MM-DD'),		TO_TIMESTAMP('2021-07-09 23:59:00','YYYY-MM-DD HH24:MI:SS'),	'BMW',	'X5'	,2017,	'white',	'TIR3487');
-- INSERT INTO PERMIT (PERMIT_ID, ZONE, START_DATE, EXPIRY_DATE, EXPIRY_TIME, CAR_MANUFACTURER, MODEL, YEAR, COLOR, VEHICLE_NUMBER) VALUES ('20D0021D',	'D',	TO_DATE('2020-07-10','YYYY-MM-DD'),		TO_DATE('2021-07-09','YYYY-MM-DD'),		TO_TIMESTAMP('2021-07-09 23:59:00','YYYY-MM-DD HH24:MI:SS')	,	'Honda',	'Odyssey',	2016,	'blue',	'RPU1824');
-- INSERT INTO PERMIT (PERMIT_ID, ZONE, START_DATE, EXPIRY_DATE, EXPIRY_TIME, CAR_MANUFACTURER, MODEL, YEAR, COLOR, VEHICLE_NUMBER) VALUES ('20AS016S',	'AS',	TO_DATE('2020-09-01','YYYY-MM-DD'),		TO_DATE('2020-12-31','YYYY-MM-DD'),	    TO_TIMESTAMP('2020-12-31 23:59:00','YYYY-MM-DD HH24:MI:SS')	,	'Hyundai',	'Elantra',	2011,	'red'	,'NEV9889');
-- INSERT INTO PERMIT (PERMIT_ID, ZONE, START_DATE, EXPIRY_DATE, EXPIRY_TIME, CAR_MANUFACTURER, MODEL, YEAR, COLOR, VEHICLE_NUMBER) VALUES ('20A0052A',	'A',	TO_DATE('2020-07-29','YYYY-MM-DD'),		TO_DATE('2021-07-28','YYYY-MM-DD'),		TO_TIMESTAMP('2021-07-28 23:59:00','YYYY-MM-DD HH24:MI:SS'),	'Acura',	'RDX'	,2009	,'black'	,'KTP2003');
--
--
--
-- INSERT INTO VISITOR (PERMIT_ID, VEHICLE_NUMBER, PHONE_NUMBER, ZONE_DESIGNATION, ADDRESS, NAME, SPACE_NUMBER) VALUES ('20V0001A',	'CDF5731',	123457890,		'A, B, C, D, AS, BS, CS, DS, V', '2108 McKent St, NC 27507',	'Premiere Lot',		200);
-- INSERT INTO VISITOR (PERMIT_ID, VEHICLE_NUMBER, PHONE_NUMBER, ZONE_DESIGNATION, ADDRESS, NAME, SPACE_NUMBER) VALUES ('20V0021L',	'TRK1093',	123457891,		'AS, BS, CS,DS, V' ,'2704 Ben Clark St, NC 26701'	,'Justice Lot',		160);
-- INSERT INTO VISITOR (PERMIT_ID, VEHICLE_NUMBER, PHONE_NUMBER, ZONE_DESIGNATION, ADDRESS, NAME, SPACE_NUMBER) VALUES ('20V0015J',	'UGY9123',	123457892,		'AS, BS, CS,DS, V' ,'2704 Ben Clark St, NC 26701'	,'Justice Lot',		151);
-- INSERT INTO VISITOR (PERMIT_ID, VEHICLE_NUMBER, PHONE_NUMBER, ZONE_DESIGNATION, ADDRESS, NAME, SPACE_NUMBER) VALUES ('20V0021L',	'AKL1732',	123457893,		'AS, BS, CS,DS, V' ,'2704 Ben Clark St, NC 26701'	,'Justice Lot',		173);
-- INSERT INTO VISITOR (PERMIT_ID, VEHICLE_NUMBER, PHONE_NUMBER, ZONE_DESIGNATION, ADDRESS, NAME, SPACE_NUMBER) VALUES ('20V0026P',	'UWA1118',	123457894,		'AS, BS, CS,DS, V' ,'2704 Ben Clark St, NC 26701'	,'Justice Lot',		153);
-- INSERT INTO VISITOR (PERMIT_ID, VEHICLE_NUMBER, PHONE_NUMBER, ZONE_DESIGNATION, ADDRESS, NAME, SPACE_NUMBER) VALUES ('20V0012B',	'TRK1093',	123457891,		'A, B, C, D, AS, BS, CS, DS, V', '2108 McKent St, NC 27507'	,'Premiere Lot',		200);
--
--
-- INSERT INTO NON_VISITOR (UNVID, PERMIT_ID, VEHICLE_NUMBER, S_E) VALUES (1007999,	'20B0001B',	'VTZ87543', 'E');
-- INSERT INTO NON_VISITOR (UNVID, PERMIT_ID, VEHICLE_NUMBER) VALUES (1006003,	'20CS001C',	'UGB9020');
-- INSERT INTO NON_VISITOR (UNVID, PERMIT_ID, VEHICLE_NUMBER, S_E) VALUES (1006020,	'20D0021D',	'TIR3487', 'E');
-- INSERT INTO NON_VISITOR (UNVID, PERMIT_ID, VEHICLE_NUMBER, S_E) VALUES (1006020,	'20D0021D',	'RPU1824', 'E');
-- INSERT INTO NON_VISITOR (UNVID, PERMIT_ID, VEHICLE_NUMBER) VALUES (1006135,	'20AS016S',	'NEV9889');
-- INSERT INTO NON_VISITOR (UNVID, PERMIT_ID, VEHICLE_NUMBER, S_E) VALUES (1006022,	'20A0052A',	'KTP2003', 'E');
--
--
--
-- INSERT INTO CITATION(CAR_LICENSE_NUNBER, MODEL, COLOR, CITATION_DATE,   ZONE_DESIGNATION, ADDRESS, NAME, CITATION_TIME, VIOLATION_CATEGORY, FEES, DUE, STATUS) VALUES ( 'TRK1093',	'Rio',	'Blue',	TO_DATE('2020-08-14','YYYY-MM-DD'),   'AS, BS, CS,DS, V' ,'2704 Ben Clark St, NC 26701',	'Justice Lot',TO_TIMESTAMP('2020-08-14 14:40:00','YYYY-MM-DD HH24:MI:SS'), 'Expired'	,	25 , TO_DATE('2020-09-13','YYYY-MM-DD')  ,1);
-- INSERT INTO CITATION(CAR_LICENSE_NUNBER, MODEL, COLOR, CITATION_DATE,   ZONE_DESIGNATION, ADDRESS, NAME, CITATION_TIME, VIOLATION_CATEGORY, FEES, DUE, STATUS) VALUES ('UGY9123',	'Maxima',	'Black', TO_DATE('2020-08-17','YYYY-MM-DD'),	 'AS, BS, CS,DS, V' ,'2704 Ben Clark St, NC 26701',	'Justice Lot' ,TO_TIMESTAMP('2020-08-14 12:55:00','YYYY-MM-DD HH24:MI:SS'), 'Expired',		25,TO_DATE('2020-09-16','YYYY-MM-DD')  ,0);
-- INSERT INTO CITATION(CAR_LICENSE_NUNBER, MODEL, COLOR, CITATION_DATE,   ZONE_DESIGNATION, ADDRESS, NAME, CITATION_TIME, VIOLATION_CATEGORY, FEES, DUE, STATUS) VALUES ('AKL1732',	'Model X',	'Silver', TO_DATE('2020-08-17','YYYY-MM-DD'), 'AS, BS, CS,DS, V' ,'2704 Ben Clark St, NC 26701',	'Justice Lot',TO_TIMESTAMP('2020-08-14 13:00:00','YYYY-MM-DD HH24:MI:SS'),	 'Expired',		25, TO_DATE('2020-09-16','YYYY-MM-DD') ,0);
-- INSERT INTO CITATION(CAR_LICENSE_NUNBER, MODEL, COLOR, CITATION_DATE,   ZONE_DESIGNATION, ADDRESS, NAME, CITATION_TIME, VIOLATION_CATEGORY, FEES, DUE, STATUS) VALUES ('NEV9889',	'Elantra',	'Red',	TO_DATE('2020-09-10','YYYY-MM-DD'),  'AS, BS, CS,DS, V' ,'2704 Ben Clark St, NC 26701',	'Justice Lot', TO_TIMESTAMP('2020-08-14 15:50:00','YYYY-MM-DD HH24:MI:SS'),	 'Invalid', 		20, TO_DATE('2020-10-09','YYYY-MM-DD') ,0);
-- INSERT INTO CITATION(CAR_LICENSE_NUNBER, MODEL, COLOR, CITATION_DATE,   ZONE_DESIGNATION, ADDRESS, NAME, CITATION_TIME, VIOLATION_CATEGORY, FEES, DUE, STATUS) VALUES ('PTL5642',	'Sentra',	'Black',TO_DATE('2020-09-14','YYYY-MM-DD'),'A, B, C, D', '2105 Daniel Allen St, NC 27505',  'Freedom Lot', TO_TIMESTAMP('2020-08-14 10:05:00','YYYY-MM-DD HH24:MI:SS'),	 'No Permit', 40 ,TO_DATE('2020-10-13','YYYY-MM-DD') ,1);
-- INSERT INTO CITATION(CAR_LICENSE_NUNBER, MODEL, COLOR, CITATION_DATE,   ZONE_DESIGNATION, ADDRESS, NAME, CITATION_TIME, VIOLATION_CATEGORY, FEES, DUE, STATUS) VALUES ('TRK1093',	'Rio',	'Blue', TO_DATE('2020-09-21','YYYY-MM-DD'),	 'A, B, C, D, AS, BS, CS, DS, V', '2108 McKent St, NC 27507','Premiere Lot' ,TO_TIMESTAMP('2020-08-14 14:00:00','YYYY-MM-DD HH24:MI:SS'), 'Expired', 	25, TO_DATE('2020-10-20','YYYY-MM-DD') ,0);
--
-- INSERT INTO NOTIFICATION(CITATION_NO, UNIV) VALUES (5, 1006135);
-- INSERT INTO NOTIFICATION(CITATION_NO, PHONENUMBER) VALUES (2, 123457891);
-- INSERT INTO NOTIFICATION(CITATION_NO, PHONENUMBER) VALUES (7, 123457891);
-- INSERT INTO NOTIFICATION(CITATION_NO, PHONENUMBER) VALUES (4, 123457893);
-- INSERT INTO NOTIFICATION(CITATION_NO, PHONENUMBER) VALUES (3, 123457892);
-- INSERT INTO NOTIFICATION(CITATION_NO) VALUES (6);