-- alter table CITATION modify zone_designation varchar(100);

INSERT INTO Parking_Lots (zone_designation, address, name, NUMBER_OF_SPACES) values ('A, B, C, D', '2105 Daniel Allen St, NC 27505', 'Freedom Lot', 150);
INSERT INTO Parking_Lots (zone_designation, address, name, NUMBER_OF_SPACES) values ('A, B, C, D, AS, BS, CS, DS, V', '2108 McKent St, NC 27507','Premiere Lot', 200);
INSERT INTO Parking_Lots (zone_designation, address, name, NUMBER_OF_SPACES) values ('AS, BS, CS,DS, V' ,'2704 Ben Clark St, NC 26701','Justice Lot', 175);

insert into Spaces (space_number, zone, zone_designation, address, name) values ('1', 'A', 'A, B, C, D', '2105 Daniel Allen St, NC 27505', 'Freedom Lot');
insert into Spaces (space_number, zone, zone_designation, address, name) values ('2', 'A', 'A, B, C, D', '2105 Daniel Allen St, NC 27505', 'Freedom Lot');
insert into Spaces (space_number, zone, zone_designation, address, name) values ('3', 'A', 'A, B, C, D', '2105 Daniel Allen St, NC 27505', 'Freedom Lot');
insert into Spaces (space_number, zone, zone_designation, address, name) values ('4', 'A', 'A, B, C, D', '2105 Daniel Allen St, NC 27505', 'Freedom Lot');
insert into Spaces (space_number, zone, zone_designation, address, name) values ('5', 'A', 'A, B, C, D', '2105 Daniel Allen St, NC 27505', 'Freedom Lot');
insert into Spaces (space_number, zone, zone_designation, address, name) values ('6', 'A', 'A, B, C, D', '2105 Daniel Allen St, NC 27505', 'Freedom Lot');
insert into Spaces (space_number, zone, zone_designation, address, name) values ('7', 'A', 'A, B, C, D', '2105 Daniel Allen St, NC 27505', 'Freedom Lot');
insert into Spaces (space_number, zone, zone_designation, address, name) values ('8', 'A', 'A, B, C, D', '2105 Daniel Allen St, NC 27505', 'Freedom Lot');
insert into Spaces (space_number, zone, zone_designation, address, name) values ('9', 'A', 'A, B, C, D', '2105 Daniel Allen St, NC 27505', 'Freedom Lot');
insert into Spaces (space_number, zone, zone_designation, address, name) values ('10', 'A', 'A, B, C, D', '2105 Daniel Allen St, NC 27505', 'Freedom Lot');
insert into Spaces (space_number, zone, zone_designation, address, name) values ('11', 'A', 'A, B, C, D', '2105 Daniel Allen St, NC 27505', 'Freedom Lot');
insert into Spaces (space_number, zone, zone_designation, address, name) values ('12', 'A', 'A, B, C, D', '2105 Daniel Allen St, NC 27505', 'Freedom Lot');
insert into Spaces (space_number, zone, zone_designation, address, name) values ('13', 'A', 'A, B, C, D', '2105 Daniel Allen St, NC 27505', 'Freedom Lot');
insert into Spaces (space_number, zone, zone_designation, address, name) values ('14', 'A', 'A, B, C, D', '2105 Daniel Allen St, NC 27505', 'Freedom Lot');
insert into Spaces (space_number, zone, zone_designation, address, name) values ('15', 'A', 'A, B, C, D', '2105 Daniel Allen St, NC 27505', 'Freedom Lot');
insert into Spaces (space_number, zone, zone_designation, address, name) values ('16', 'A', 'A, B, C, D', '2105 Daniel Allen St, NC 27505', 'Freedom Lot');
insert into Spaces (space_number, zone, zone_designation, address, name) values ('17', 'A', 'A, B, C, D', '2105 Daniel Allen St, NC 27505', 'Freedom Lot');
insert into Spaces (space_number, zone, zone_designation, address, name) values ('18', 'A', 'A, B, C, D', '2105 Daniel Allen St, NC 27505', 'Freedom Lot');
insert into Spaces (space_number, zone, zone_designation, address, name) values ('19', 'A', 'A, B, C, D', '2105 Daniel Allen St, NC 27505', 'Freedom Lot');
insert into Spaces (space_number, zone, zone_designation, address, name) values ('20', 'A', 'A, B, C, D', '2105 Daniel Allen St, NC 27505', 'Freedom Lot');
insert into Spaces (space_number, zone, zone_designation, address, name) values ('21', 'A', 'A, B, C, D', '2105 Daniel Allen St, NC 27505', 'Freedom Lot');
insert into Spaces (space_number, zone, zone_designation, address, name) values ('22', 'A', 'A, B, C, D', '2105 Daniel Allen St, NC 27505', 'Freedom Lot');
insert into Spaces (space_number, zone, zone_designation, address, name) values ('23', 'A', 'A, B, C, D', '2105 Daniel Allen St, NC 27505', 'Freedom Lot');
insert into Spaces (space_number, zone, zone_designation, address, name) values ('24', 'A', 'A, B, C, D', '2105 Daniel Allen St, NC 27505', 'Freedom Lot');
insert into Spaces (space_number, zone, zone_designation, address, name) values ('25', 'A', 'A, B, C, D', '2105 Daniel Allen St, NC 27505', 'Freedom Lot');
insert into Spaces (space_number, zone, zone_designation, address, name) values ('26', 'A', 'A, B, C, D', '2105 Daniel Allen St, NC 27505', 'Freedom Lot');
insert into Spaces (space_number, zone, zone_designation, address, name) values ('27', 'A', 'A, B, C, D', '2105 Daniel Allen St, NC 27505', 'Freedom Lot');
insert into Spaces (space_number, zone, zone_designation, address, name) values ('28', 'A', 'A, B, C, D', '2105 Daniel Allen St, NC 27505', 'Freedom Lot');
insert into Spaces (space_number, zone, zone_designation, address, name) values ('29', 'A', 'A, B, C, D', '2105 Daniel Allen St, NC 27505', 'Freedom Lot');
insert into Spaces (space_number, zone, zone_designation, address, name) values ('30', 'A', 'A, B, C, D', '2105 Daniel Allen St, NC 27505', 'Freedom Lot');
insert into Spaces (space_number, zone, zone_designation, address, name) values ('31', 'A', 'A, B, C, D', '2105 Daniel Allen St, NC 27505', 'Freedom Lot');
insert into Spaces (space_number, zone, zone_designation, address, name) values ('32', 'A', 'A, B, C, D', '2105 Daniel Allen St, NC 27505', 'Freedom Lot');
insert into Spaces (space_number, zone, zone_designation, address, name) values ('33', 'A', 'A, B, C, D', '2105 Daniel Allen St, NC 27505', 'Freedom Lot');
insert into Spaces (space_number, zone, zone_designation, address, name) values ('34', 'A', 'A, B, C, D', '2105 Daniel Allen St, NC 27505', 'Freedom Lot');
insert into Spaces (space_number, zone, zone_designation, address, name) values ('35', 'A', 'A, B, C, D', '2105 Daniel Allen St, NC 27505', 'Freedom Lot');
insert into Spaces (space_number, zone, zone_designation, address, name) values ('36', 'A', 'A, B, C, D', '2105 Daniel Allen St, NC 27505', 'Freedom Lot');
insert into Spaces (space_number, zone, zone_designation, address, name) values ('37', 'A', 'A, B, C, D', '2105 Daniel Allen St, NC 27505', 'Freedom Lot');
insert into Spaces (space_number, zone, zone_designation, address, name) values ('38', 'A', 'A, B, C, D', '2105 Daniel Allen St, NC 27505', 'Freedom Lot');
insert into Spaces (space_number, zone, zone_designation, address, name) values ('39', 'A', 'A, B, C, D', '2105 Daniel Allen St, NC 27505', 'Freedom Lot');
insert into Spaces (space_number, zone, zone_designation, address, name) values ('40', 'B', 'A, B, C, D', '2105 Daniel Allen St, NC 27505', 'Freedom Lot');
insert into Spaces (space_number, zone, zone_designation, address, name) values ('41', 'B', 'A, B, C, D', '2105 Daniel Allen St, NC 27505', 'Freedom Lot');
insert into Spaces (space_number, zone, zone_designation, address, name) values ('42', 'B', 'A, B, C, D', '2105 Daniel Allen St, NC 27505', 'Freedom Lot');
insert into Spaces (space_number, zone, zone_designation, address, name) values ('43', 'B', 'A, B, C, D', '2105 Daniel Allen St, NC 27505', 'Freedom Lot');
insert into Spaces (space_number, zone, zone_designation, address, name) values ('44', 'B', 'A, B, C, D', '2105 Daniel Allen St, NC 27505', 'Freedom Lot');
insert into Spaces (space_number, zone, zone_designation, address, name) values ('45', 'B', 'A, B, C, D', '2105 Daniel Allen St, NC 27505', 'Freedom Lot');
insert into Spaces (space_number, zone, zone_designation, address, name) values ('46', 'B', 'A, B, C, D', '2105 Daniel Allen St, NC 27505', 'Freedom Lot');
insert into Spaces (space_number, zone, zone_designation, address, name) values ('47', 'B', 'A, B, C, D', '2105 Daniel Allen St, NC 27505', 'Freedom Lot');
insert into Spaces (space_number, zone, zone_designation, address, name) values ('48', 'B', 'A, B, C, D', '2105 Daniel Allen St, NC 27505', 'Freedom Lot');
insert into Spaces (space_number, zone, zone_designation, address, name) values ('49', 'B', 'A, B, C, D', '2105 Daniel Allen St, NC 27505', 'Freedom Lot');
insert into Spaces (space_number, zone, zone_designation, address, name) values ('50', 'B', 'A, B, C, D', '2105 Daniel Allen St, NC 27505', 'Freedom Lot');
insert into Spaces (space_number, zone, zone_designation, address, name) values ('51', 'B', 'A, B, C, D', '2105 Daniel Allen St, NC 27505', 'Freedom Lot');
insert into Spaces (space_number, zone, zone_designation, address, name) values ('52', 'B', 'A, B, C, D', '2105 Daniel Allen St, NC 27505', 'Freedom Lot');
insert into Spaces (space_number, zone, zone_designation, address, name) values ('53', 'B', 'A, B, C, D', '2105 Daniel Allen St, NC 27505', 'Freedom Lot');
insert into Spaces (space_number, zone, zone_designation, address, name) values ('54', 'B', 'A, B, C, D', '2105 Daniel Allen St, NC 27505', 'Freedom Lot');
insert into Spaces (space_number, zone, zone_designation, address, name) values ('55', 'B', 'A, B, C, D', '2105 Daniel Allen St, NC 27505', 'Freedom Lot');
insert into Spaces (space_number, zone, zone_designation, address, name) values ('56', 'B', 'A, B, C, D', '2105 Daniel Allen St, NC 27505', 'Freedom Lot');
insert into Spaces (space_number, zone, zone_designation, address, name) values ('57', 'B', 'A, B, C, D', '2105 Daniel Allen St, NC 27505', 'Freedom Lot');
insert into Spaces (space_number, zone, zone_designation, address, name) values ('58', 'B', 'A, B, C, D', '2105 Daniel Allen St, NC 27505', 'Freedom Lot');
insert into Spaces (space_number, zone, zone_designation, address, name) values ('59', 'B', 'A, B, C, D', '2105 Daniel Allen St, NC 27505', 'Freedom Lot');
insert into Spaces (space_number, zone, zone_designation, address, name) values ('60', 'B', 'A, B, C, D', '2105 Daniel Allen St, NC 27505', 'Freedom Lot');
insert into Spaces (space_number, zone, zone_designation, address, name) values ('61', 'B', 'A, B, C, D', '2105 Daniel Allen St, NC 27505', 'Freedom Lot');
insert into Spaces (space_number, zone, zone_designation, address, name) values ('62', 'B', 'A, B, C, D', '2105 Daniel Allen St, NC 27505', 'Freedom Lot');
insert into Spaces (space_number, zone, zone_designation, address, name) values ('63', 'B', 'A, B, C, D', '2105 Daniel Allen St, NC 27505', 'Freedom Lot');
insert into Spaces (space_number, zone, zone_designation, address, name) values ('64', 'B', 'A, B, C, D', '2105 Daniel Allen St, NC 27505', 'Freedom Lot');
insert into Spaces (space_number, zone, zone_designation, address, name) values ('65', 'B', 'A, B, C, D', '2105 Daniel Allen St, NC 27505', 'Freedom Lot');
insert into Spaces (space_number, zone, zone_designation, address, name) values ('66', 'B', 'A, B, C, D', '2105 Daniel Allen St, NC 27505', 'Freedom Lot');
insert into Spaces (space_number, zone, zone_designation, address, name) values ('67', 'B', 'A, B, C, D', '2105 Daniel Allen St, NC 27505', 'Freedom Lot');
insert into Spaces (space_number, zone, zone_designation, address, name) values ('68', 'B', 'A, B, C, D', '2105 Daniel Allen St, NC 27505', 'Freedom Lot');
insert into Spaces (space_number, zone, zone_designation, address, name) values ('69', 'B', 'A, B, C, D', '2105 Daniel Allen St, NC 27505', 'Freedom Lot');
insert into Spaces (space_number, zone, zone_designation, address, name) values ('70', 'B', 'A, B, C, D', '2105 Daniel Allen St, NC 27505', 'Freedom Lot');
insert into Spaces (space_number, zone, zone_designation, address, name) values ('71', 'B', 'A, B, C, D', '2105 Daniel Allen St, NC 27505', 'Freedom Lot');
insert into Spaces (space_number, zone, zone_designation, address, name) values ('72', 'B', 'A, B, C, D', '2105 Daniel Allen St, NC 27505', 'Freedom Lot');
insert into Spaces (space_number, zone, zone_designation, address, name) values ('73', 'B', 'A, B, C, D', '2105 Daniel Allen St, NC 27505', 'Freedom Lot');
insert into Spaces (space_number, zone, zone_designation, address, name) values ('74', 'B', 'A, B, C, D', '2105 Daniel Allen St, NC 27505', 'Freedom Lot');
insert into Spaces (space_number, zone, zone_designation, address, name) values ('75', 'B', 'A, B, C, D', '2105 Daniel Allen St, NC 27505', 'Freedom Lot');
insert into Spaces (space_number, zone, zone_designation, address, name) values ('76', 'B', 'A, B, C, D', '2105 Daniel Allen St, NC 27505', 'Freedom Lot');
insert into Spaces (space_number, zone, zone_designation, address, name) values ('77', 'B', 'A, B, C, D', '2105 Daniel Allen St, NC 27505', 'Freedom Lot');
insert into Spaces (space_number, zone, zone_designation, address, name) values ('78', 'B', 'A, B, C, D', '2105 Daniel Allen St, NC 27505', 'Freedom Lot');
insert into Spaces (space_number, zone, zone_designation, address, name) values ('79', 'B', 'A, B, C, D', '2105 Daniel Allen St, NC 27505', 'Freedom Lot');
insert into Spaces (space_number, zone, zone_designation, address, name) values ('80', 'C', 'A, B, C, D', '2105 Daniel Allen St, NC 27505', 'Freedom Lot');
insert into Spaces (space_number, zone, zone_designation, address, name) values ('81', 'C', 'A, B, C, D', '2105 Daniel Allen St, NC 27505', 'Freedom Lot');
insert into Spaces (space_number, zone, zone_designation, address, name) values ('82', 'C', 'A, B, C, D', '2105 Daniel Allen St, NC 27505', 'Freedom Lot');
insert into Spaces (space_number, zone, zone_designation, address, name) values ('83', 'C', 'A, B, C, D', '2105 Daniel Allen St, NC 27505', 'Freedom Lot');
insert into Spaces (space_number, zone, zone_designation, address, name) values ('84', 'C', 'A, B, C, D', '2105 Daniel Allen St, NC 27505', 'Freedom Lot');
insert into Spaces (space_number, zone, zone_designation, address, name) values ('85', 'C', 'A, B, C, D', '2105 Daniel Allen St, NC 27505', 'Freedom Lot');
insert into Spaces (space_number, zone, zone_designation, address, name) values ('86', 'C', 'A, B, C, D', '2105 Daniel Allen St, NC 27505', 'Freedom Lot');
insert into Spaces (space_number, zone, zone_designation, address, name) values ('87', 'C', 'A, B, C, D', '2105 Daniel Allen St, NC 27505', 'Freedom Lot');
insert into Spaces (space_number, zone, zone_designation, address, name) values ('88', 'C', 'A, B, C, D', '2105 Daniel Allen St, NC 27505', 'Freedom Lot');
insert into Spaces (space_number, zone, zone_designation, address, name) values ('89', 'C', 'A, B, C, D', '2105 Daniel Allen St, NC 27505', 'Freedom Lot');
insert into Spaces (space_number, zone, zone_designation, address, name) values ('90', 'C', 'A, B, C, D', '2105 Daniel Allen St, NC 27505', 'Freedom Lot');
insert into Spaces (space_number, zone, zone_designation, address, name) values ('91', 'C', 'A, B, C, D', '2105 Daniel Allen St, NC 27505', 'Freedom Lot');
insert into Spaces (space_number, zone, zone_designation, address, name) values ('92', 'C', 'A, B, C, D', '2105 Daniel Allen St, NC 27505', 'Freedom Lot');
insert into Spaces (space_number, zone, zone_designation, address, name) values ('93', 'C', 'A, B, C, D', '2105 Daniel Allen St, NC 27505', 'Freedom Lot');
insert into Spaces (space_number, zone, zone_designation, address, name) values ('94', 'C', 'A, B, C, D', '2105 Daniel Allen St, NC 27505', 'Freedom Lot');
insert into Spaces (space_number, zone, zone_designation, address, name) values ('95', 'C', 'A, B, C, D', '2105 Daniel Allen St, NC 27505', 'Freedom Lot');
insert into Spaces (space_number, zone, zone_designation, address, name) values ('96', 'C', 'A, B, C, D', '2105 Daniel Allen St, NC 27505', 'Freedom Lot');
insert into Spaces (space_number, zone, zone_designation, address, name) values ('97', 'C', 'A, B, C, D', '2105 Daniel Allen St, NC 27505', 'Freedom Lot');
insert into Spaces (space_number, zone, zone_designation, address, name) values ('98', 'C', 'A, B, C, D', '2105 Daniel Allen St, NC 27505', 'Freedom Lot');
insert into Spaces (space_number, zone, zone_designation, address, name) values ('99', 'C', 'A, B, C, D', '2105 Daniel Allen St, NC 27505', 'Freedom Lot');
insert into Spaces (space_number, zone, zone_designation, address, name) values ('100', 'C', 'A, B, C, D', '2105 Daniel Allen St, NC 27505', 'Freedom Lot');
insert into Spaces (space_number, zone, zone_designation, address, name) values ('101', 'C', 'A, B, C, D', '2105 Daniel Allen St, NC 27505', 'Freedom Lot');
insert into Spaces (space_number, zone, zone_designation, address, name) values ('102', 'C', 'A, B, C, D', '2105 Daniel Allen St, NC 27505', 'Freedom Lot');
insert into Spaces (space_number, zone, zone_designation, address, name) values ('103', 'C', 'A, B, C, D', '2105 Daniel Allen St, NC 27505', 'Freedom Lot');
insert into Spaces (space_number, zone, zone_designation, address, name) values ('104', 'C', 'A, B, C, D', '2105 Daniel Allen St, NC 27505', 'Freedom Lot');
insert into Spaces (space_number, zone, zone_designation, address, name) values ('105', 'C', 'A, B, C, D', '2105 Daniel Allen St, NC 27505', 'Freedom Lot');
insert into Spaces (space_number, zone, zone_designation, address, name) values ('106', 'C', 'A, B, C, D', '2105 Daniel Allen St, NC 27505', 'Freedom Lot');
insert into Spaces (space_number, zone, zone_designation, address, name) values ('107', 'C', 'A, B, C, D', '2105 Daniel Allen St, NC 27505', 'Freedom Lot');
insert into Spaces (space_number, zone, zone_designation, address, name) values ('108', 'C', 'A, B, C, D', '2105 Daniel Allen St, NC 27505', 'Freedom Lot');
insert into Spaces (space_number, zone, zone_designation, address, name) values ('109', 'C', 'A, B, C, D', '2105 Daniel Allen St, NC 27505', 'Freedom Lot');
insert into Spaces (space_number, zone, zone_designation, address, name) values ('110', 'C', 'A, B, C, D', '2105 Daniel Allen St, NC 27505', 'Freedom Lot');
insert into Spaces (space_number, zone, zone_designation, address, name) values ('111', 'C', 'A, B, C, D', '2105 Daniel Allen St, NC 27505', 'Freedom Lot');
insert into Spaces (space_number, zone, zone_designation, address, name) values ('112', 'C', 'A, B, C, D', '2105 Daniel Allen St, NC 27505', 'Freedom Lot');
insert into Spaces (space_number, zone, zone_designation, address, name) values ('113', 'C', 'A, B, C, D', '2105 Daniel Allen St, NC 27505', 'Freedom Lot');
insert into Spaces (space_number, zone, zone_designation, address, name) values ('114', 'C', 'A, B, C, D', '2105 Daniel Allen St, NC 27505', 'Freedom Lot');
insert into Spaces (space_number, zone, zone_designation, address, name) values ('115', 'C', 'A, B, C, D', '2105 Daniel Allen St, NC 27505', 'Freedom Lot');
insert into Spaces (space_number, zone, zone_designation, address, name) values ('116', 'C', 'A, B, C, D', '2105 Daniel Allen St, NC 27505', 'Freedom Lot');
insert into Spaces (space_number, zone, zone_designation, address, name) values ('117', 'C', 'A, B, C, D', '2105 Daniel Allen St, NC 27505', 'Freedom Lot');
insert into Spaces (space_number, zone, zone_designation, address, name) values ('118', 'C', 'A, B, C, D', '2105 Daniel Allen St, NC 27505', 'Freedom Lot');
insert into Spaces (space_number, zone, zone_designation, address, name) values ('119', 'C', 'A, B, C, D', '2105 Daniel Allen St, NC 27505', 'Freedom Lot');
insert into Spaces (space_number, zone, zone_designation, address, name) values ('120', 'D', 'A, B, C, D', '2105 Daniel Allen St, NC 27505', 'Freedom Lot');
insert into Spaces (space_number, zone, zone_designation, address, name) values ('121', 'D', 'A, B, C, D', '2105 Daniel Allen St, NC 27505', 'Freedom Lot');
insert into Spaces (space_number, zone, zone_designation, address, name) values ('122', 'D', 'A, B, C, D', '2105 Daniel Allen St, NC 27505', 'Freedom Lot');
insert into Spaces (space_number, zone, zone_designation, address, name) values ('123', 'D', 'A, B, C, D', '2105 Daniel Allen St, NC 27505', 'Freedom Lot');
insert into Spaces (space_number, zone, zone_designation, address, name) values ('124', 'D', 'A, B, C, D', '2105 Daniel Allen St, NC 27505', 'Freedom Lot');
insert into Spaces (space_number, zone, zone_designation, address, name) values ('125', 'D', 'A, B, C, D', '2105 Daniel Allen St, NC 27505', 'Freedom Lot');
insert into Spaces (space_number, zone, zone_designation, address, name) values ('126', 'D', 'A, B, C, D', '2105 Daniel Allen St, NC 27505', 'Freedom Lot');
insert into Spaces (space_number, zone, zone_designation, address, name) values ('127', 'D', 'A, B, C, D', '2105 Daniel Allen St, NC 27505', 'Freedom Lot');
insert into Spaces (space_number, zone, zone_designation, address, name) values ('128', 'D', 'A, B, C, D', '2105 Daniel Allen St, NC 27505', 'Freedom Lot');
insert into Spaces (space_number, zone, zone_designation, address, name) values ('129', 'D', 'A, B, C, D', '2105 Daniel Allen St, NC 27505', 'Freedom Lot');
insert into Spaces (space_number, zone, zone_designation, address, name) values ('130', 'D', 'A, B, C, D', '2105 Daniel Allen St, NC 27505', 'Freedom Lot');
insert into Spaces (space_number, zone, zone_designation, address, name) values ('131', 'D', 'A, B, C, D', '2105 Daniel Allen St, NC 27505', 'Freedom Lot');
insert into Spaces (space_number, zone, zone_designation, address, name) values ('132', 'D', 'A, B, C, D', '2105 Daniel Allen St, NC 27505', 'Freedom Lot');
insert into Spaces (space_number, zone, zone_designation, address, name) values ('133', 'D', 'A, B, C, D', '2105 Daniel Allen St, NC 27505', 'Freedom Lot');
insert into Spaces (space_number, zone, zone_designation, address, name) values ('134', 'D', 'A, B, C, D', '2105 Daniel Allen St, NC 27505', 'Freedom Lot');
insert into Spaces (space_number, zone, zone_designation, address, name) values ('135', 'D', 'A, B, C, D', '2105 Daniel Allen St, NC 27505', 'Freedom Lot');
insert into Spaces (space_number, zone, zone_designation, address, name) values ('136', 'D', 'A, B, C, D', '2105 Daniel Allen St, NC 27505', 'Freedom Lot');
insert into Spaces (space_number, zone, zone_designation, address, name) values ('137', 'D', 'A, B, C, D', '2105 Daniel Allen St, NC 27505', 'Freedom Lot');
insert into Spaces (space_number, zone, zone_designation, address, name) values ('138', 'D', 'A, B, C, D', '2105 Daniel Allen St, NC 27505', 'Freedom Lot');
insert into Spaces (space_number, zone, zone_designation, address, name) values ('139', 'D', 'A, B, C, D', '2105 Daniel Allen St, NC 27505', 'Freedom Lot');
insert into Spaces (space_number, zone, zone_designation, address, name) values ('140', 'D', 'A, B, C, D', '2105 Daniel Allen St, NC 27505', 'Freedom Lot');
insert into Spaces (space_number, zone, zone_designation, address, name) values ('141', 'D', 'A, B, C, D', '2105 Daniel Allen St, NC 27505', 'Freedom Lot');
insert into Spaces (space_number, zone, zone_designation, address, name) values ('142', 'D', 'A, B, C, D', '2105 Daniel Allen St, NC 27505', 'Freedom Lot');
insert into Spaces (space_number, zone, zone_designation, address, name) values ('143', 'D', 'A, B, C, D', '2105 Daniel Allen St, NC 27505', 'Freedom Lot');
insert into Spaces (space_number, zone, zone_designation, address, name) values ('144', 'D', 'A, B, C, D', '2105 Daniel Allen St, NC 27505', 'Freedom Lot');
insert into Spaces (space_number, zone, zone_designation, address, name) values ('145', 'D', 'A, B, C, D', '2105 Daniel Allen St, NC 27505', 'Freedom Lot');
insert into Spaces (space_number, zone, zone_designation, address, name) values ('146', 'D', 'A, B, C, D', '2105 Daniel Allen St, NC 27505', 'Freedom Lot');
insert into Spaces (space_number, zone, zone_designation, address, name) values ('147', 'D', 'A, B, C, D', '2105 Daniel Allen St, NC 27505', 'Freedom Lot');
insert into Spaces (space_number, zone, zone_designation, address, name) values ('148', 'D', 'A, B, C, D', '2105 Daniel Allen St, NC 27505', 'Freedom Lot');
insert into Spaces (space_number, zone, zone_designation, address, name) values ('149', 'D', 'A, B, C, D', '2105 Daniel Allen St, NC 27505', 'Freedom Lot');
insert into Spaces (space_number, zone, zone_designation, address, name) values ('150', 'D', 'A, B, C, D', '2105 Daniel Allen St, NC 27505', 'Freedom Lot');


insert into Spaces (space_number, zone, zone_designation, address, name) values ('1', 'AS', 'AS, BS, CS,DS, V', '2704 Ben Clark St, NC 26701', 'Justice Lot');
insert into Spaces (space_number, zone, zone_designation, address, name) values ('2', 'AS', 'AS, BS, CS,DS, V', '2704 Ben Clark St, NC 26701', 'Justice Lot');
insert into Spaces (space_number, zone, zone_designation, address, name) values ('3', 'AS', 'AS, BS, CS,DS, V', '2704 Ben Clark St, NC 26701', 'Justice Lot');
insert into Spaces (space_number, zone, zone_designation, address, name) values ('4', 'AS', 'AS, BS, CS,DS, V', '2704 Ben Clark St, NC 26701', 'Justice Lot');
insert into Spaces (space_number, zone, zone_designation, address, name) values ('5', 'AS', 'AS, BS, CS,DS, V', '2704 Ben Clark St, NC 26701', 'Justice Lot');
insert into Spaces (space_number, zone, zone_designation, address, name) values ('6', 'AS', 'AS, BS, CS,DS, V', '2704 Ben Clark St, NC 26701', 'Justice Lot');
insert into Spaces (space_number, zone, zone_designation, address, name) values ('7', 'AS', 'AS, BS, CS,DS, V', '2704 Ben Clark St, NC 26701', 'Justice Lot');
insert into Spaces (space_number, zone, zone_designation, address, name) values ('8', 'AS', 'AS, BS, CS,DS, V', '2704 Ben Clark St, NC 26701', 'Justice Lot');
insert into Spaces (space_number, zone, zone_designation, address, name) values ('9', 'AS', 'AS, BS, CS,DS, V', '2704 Ben Clark St, NC 26701', 'Justice Lot');
insert into Spaces (space_number, zone, zone_designation, address, name) values ('10', 'AS', 'AS, BS, CS,DS, V', '2704 Ben Clark St, NC 26701', 'Justice Lot');
insert into Spaces (space_number, zone, zone_designation, address, name) values ('11', 'AS', 'AS, BS, CS,DS, V', '2704 Ben Clark St, NC 26701', 'Justice Lot');
insert into Spaces (space_number, zone, zone_designation, address, name) values ('12', 'AS', 'AS, BS, CS,DS, V', '2704 Ben Clark St, NC 26701', 'Justice Lot');
insert into Spaces (space_number, zone, zone_designation, address, name) values ('13', 'AS', 'AS, BS, CS,DS, V', '2704 Ben Clark St, NC 26701', 'Justice Lot');
insert into Spaces (space_number, zone, zone_designation, address, name) values ('14', 'AS', 'AS, BS, CS,DS, V', '2704 Ben Clark St, NC 26701', 'Justice Lot');
insert into Spaces (space_number, zone, zone_designation, address, name) values ('15', 'AS', 'AS, BS, CS,DS, V', '2704 Ben Clark St, NC 26701', 'Justice Lot');
insert into Spaces (space_number, zone, zone_designation, address, name) values ('16', 'AS', 'AS, BS, CS,DS, V', '2704 Ben Clark St, NC 26701', 'Justice Lot');
insert into Spaces (space_number, zone, zone_designation, address, name) values ('17', 'AS', 'AS, BS, CS,DS, V', '2704 Ben Clark St, NC 26701', 'Justice Lot');
insert into Spaces (space_number, zone, zone_designation, address, name) values ('18', 'AS', 'AS, BS, CS,DS, V', '2704 Ben Clark St, NC 26701', 'Justice Lot');
insert into Spaces (space_number, zone, zone_designation, address, name) values ('19', 'AS', 'AS, BS, CS,DS, V', '2704 Ben Clark St, NC 26701', 'Justice Lot');
insert into Spaces (space_number, zone, zone_designation, address, name) values ('20', 'AS', 'AS, BS, CS,DS, V', '2704 Ben Clark St, NC 26701', 'Justice Lot');
insert into Spaces (space_number, zone, zone_designation, address, name) values ('21', 'AS', 'AS, BS, CS,DS, V', '2704 Ben Clark St, NC 26701', 'Justice Lot');
insert into Spaces (space_number, zone, zone_designation, address, name) values ('22', 'AS', 'AS, BS, CS,DS, V', '2704 Ben Clark St, NC 26701', 'Justice Lot');
insert into Spaces (space_number, zone, zone_designation, address, name) values ('23', 'AS', 'AS, BS, CS,DS, V', '2704 Ben Clark St, NC 26701', 'Justice Lot');
insert into Spaces (space_number, zone, zone_designation, address, name) values ('24', 'AS', 'AS, BS, CS,DS, V', '2704 Ben Clark St, NC 26701', 'Justice Lot');
insert into Spaces (space_number, zone, zone_designation, address, name) values ('25', 'AS', 'AS, BS, CS,DS, V', '2704 Ben Clark St, NC 26701', 'Justice Lot');
insert into Spaces (space_number, zone, zone_designation, address, name) values ('26', 'AS', 'AS, BS, CS,DS, V', '2704 Ben Clark St, NC 26701', 'Justice Lot');
insert into Spaces (space_number, zone, zone_designation, address, name) values ('27', 'AS', 'AS, BS, CS,DS, V', '2704 Ben Clark St, NC 26701', 'Justice Lot');
insert into Spaces (space_number, zone, zone_designation, address, name) values ('28', 'AS', 'AS, BS, CS,DS, V', '2704 Ben Clark St, NC 26701', 'Justice Lot');
insert into Spaces (space_number, zone, zone_designation, address, name) values ('29', 'AS', 'AS, BS, CS,DS, V', '2704 Ben Clark St, NC 26701', 'Justice Lot');
insert into Spaces (space_number, zone, zone_designation, address, name) values ('30', 'AS', 'AS, BS, CS,DS, V', '2704 Ben Clark St, NC 26701', 'Justice Lot');
insert into Spaces (space_number, zone, zone_designation, address, name) values ('31', 'AS', 'AS, BS, CS,DS, V', '2704 Ben Clark St, NC 26701', 'Justice Lot');
insert into Spaces (space_number, zone, zone_designation, address, name) values ('32', 'AS', 'AS, BS, CS,DS, V', '2704 Ben Clark St, NC 26701', 'Justice Lot');
insert into Spaces (space_number, zone, zone_designation, address, name) values ('33', 'AS', 'AS, BS, CS,DS, V', '2704 Ben Clark St, NC 26701', 'Justice Lot');
insert into Spaces (space_number, zone, zone_designation, address, name) values ('34', 'AS', 'AS, BS, CS,DS, V', '2704 Ben Clark St, NC 26701', 'Justice Lot');
insert into Spaces (space_number, zone, zone_designation, address, name) values ('35', 'BS', 'AS, BS, CS,DS, V', '2704 Ben Clark St, NC 26701', 'Justice Lot');
insert into Spaces (space_number, zone, zone_designation, address, name) values ('36', 'BS', 'AS, BS, CS,DS, V', '2704 Ben Clark St, NC 26701', 'Justice Lot');
insert into Spaces (space_number, zone, zone_designation, address, name) values ('37', 'BS', 'AS, BS, CS,DS, V', '2704 Ben Clark St, NC 26701', 'Justice Lot');
insert into Spaces (space_number, zone, zone_designation, address, name) values ('38', 'BS', 'AS, BS, CS,DS, V', '2704 Ben Clark St, NC 26701', 'Justice Lot');
insert into Spaces (space_number, zone, zone_designation, address, name) values ('39', 'BS', 'AS, BS, CS,DS, V', '2704 Ben Clark St, NC 26701', 'Justice Lot');
insert into Spaces (space_number, zone, zone_designation, address, name) values ('40', 'BS', 'AS, BS, CS,DS, V', '2704 Ben Clark St, NC 26701', 'Justice Lot');
insert into Spaces (space_number, zone, zone_designation, address, name) values ('41', 'BS', 'AS, BS, CS,DS, V', '2704 Ben Clark St, NC 26701', 'Justice Lot');
insert into Spaces (space_number, zone, zone_designation, address, name) values ('42', 'BS', 'AS, BS, CS,DS, V', '2704 Ben Clark St, NC 26701', 'Justice Lot');
insert into Spaces (space_number, zone, zone_designation, address, name) values ('43', 'BS', 'AS, BS, CS,DS, V', '2704 Ben Clark St, NC 26701', 'Justice Lot');
insert into Spaces (space_number, zone, zone_designation, address, name) values ('44', 'BS', 'AS, BS, CS,DS, V', '2704 Ben Clark St, NC 26701', 'Justice Lot');
insert into Spaces (space_number, zone, zone_designation, address, name) values ('45', 'BS', 'AS, BS, CS,DS, V', '2704 Ben Clark St, NC 26701', 'Justice Lot');
insert into Spaces (space_number, zone, zone_designation, address, name) values ('46', 'BS', 'AS, BS, CS,DS, V', '2704 Ben Clark St, NC 26701', 'Justice Lot');
insert into Spaces (space_number, zone, zone_designation, address, name) values ('47', 'BS', 'AS, BS, CS,DS, V', '2704 Ben Clark St, NC 26701', 'Justice Lot');
insert into Spaces (space_number, zone, zone_designation, address, name) values ('48', 'BS', 'AS, BS, CS,DS, V', '2704 Ben Clark St, NC 26701', 'Justice Lot');
insert into Spaces (space_number, zone, zone_designation, address, name) values ('49', 'BS', 'AS, BS, CS,DS, V', '2704 Ben Clark St, NC 26701', 'Justice Lot');
insert into Spaces (space_number, zone, zone_designation, address, name) values ('50', 'BS', 'AS, BS, CS,DS, V', '2704 Ben Clark St, NC 26701', 'Justice Lot');
insert into Spaces (space_number, zone, zone_designation, address, name) values ('51', 'BS', 'AS, BS, CS,DS, V', '2704 Ben Clark St, NC 26701', 'Justice Lot');
insert into Spaces (space_number, zone, zone_designation, address, name) values ('52', 'BS', 'AS, BS, CS,DS, V', '2704 Ben Clark St, NC 26701', 'Justice Lot');
insert into Spaces (space_number, zone, zone_designation, address, name) values ('53', 'BS', 'AS, BS, CS,DS, V', '2704 Ben Clark St, NC 26701', 'Justice Lot');
insert into Spaces (space_number, zone, zone_designation, address, name) values ('54', 'BS', 'AS, BS, CS,DS, V', '2704 Ben Clark St, NC 26701', 'Justice Lot');
insert into Spaces (space_number, zone, zone_designation, address, name) values ('55', 'BS', 'AS, BS, CS,DS, V', '2704 Ben Clark St, NC 26701', 'Justice Lot');
insert into Spaces (space_number, zone, zone_designation, address, name) values ('56', 'BS', 'AS, BS, CS,DS, V', '2704 Ben Clark St, NC 26701', 'Justice Lot');
insert into Spaces (space_number, zone, zone_designation, address, name) values ('57', 'BS', 'AS, BS, CS,DS, V', '2704 Ben Clark St, NC 26701', 'Justice Lot');
insert into Spaces (space_number, zone, zone_designation, address, name) values ('58', 'BS', 'AS, BS, CS,DS, V', '2704 Ben Clark St, NC 26701', 'Justice Lot');
insert into Spaces (space_number, zone, zone_designation, address, name) values ('59', 'BS', 'AS, BS, CS,DS, V', '2704 Ben Clark St, NC 26701', 'Justice Lot');
insert into Spaces (space_number, zone, zone_designation, address, name) values ('60', 'BS', 'AS, BS, CS,DS, V', '2704 Ben Clark St, NC 26701', 'Justice Lot');
insert into Spaces (space_number, zone, zone_designation, address, name) values ('61', 'BS', 'AS, BS, CS,DS, V', '2704 Ben Clark St, NC 26701', 'Justice Lot');
insert into Spaces (space_number, zone, zone_designation, address, name) values ('62', 'BS', 'AS, BS, CS,DS, V', '2704 Ben Clark St, NC 26701', 'Justice Lot');
insert into Spaces (space_number, zone, zone_designation, address, name) values ('63', 'BS', 'AS, BS, CS,DS, V', '2704 Ben Clark St, NC 26701', 'Justice Lot');
insert into Spaces (space_number, zone, zone_designation, address, name) values ('64', 'BS', 'AS, BS, CS,DS, V', '2704 Ben Clark St, NC 26701', 'Justice Lot');
insert into Spaces (space_number, zone, zone_designation, address, name) values ('65', 'BS', 'AS, BS, CS,DS, V', '2704 Ben Clark St, NC 26701', 'Justice Lot');
insert into Spaces (space_number, zone, zone_designation, address, name) values ('66', 'BS', 'AS, BS, CS,DS, V', '2704 Ben Clark St, NC 26701', 'Justice Lot');
insert into Spaces (space_number, zone, zone_designation, address, name) values ('67', 'BS', 'AS, BS, CS,DS, V', '2704 Ben Clark St, NC 26701', 'Justice Lot');
insert into Spaces (space_number, zone, zone_designation, address, name) values ('68', 'BS', 'AS, BS, CS,DS, V', '2704 Ben Clark St, NC 26701', 'Justice Lot');
insert into Spaces (space_number, zone, zone_designation, address, name) values ('69', 'BS', 'AS, BS, CS,DS, V', '2704 Ben Clark St, NC 26701', 'Justice Lot');
insert into Spaces (space_number, zone, zone_designation, address, name) values ('70', 'CS', 'AS, BS, CS,DS, V', '2704 Ben Clark St, NC 26701', 'Justice Lot');
insert into Spaces (space_number, zone, zone_designation, address, name) values ('71', 'CS', 'AS, BS, CS,DS, V', '2704 Ben Clark St, NC 26701', 'Justice Lot');
insert into Spaces (space_number, zone, zone_designation, address, name) values ('72', 'CS', 'AS, BS, CS,DS, V', '2704 Ben Clark St, NC 26701', 'Justice Lot');
insert into Spaces (space_number, zone, zone_designation, address, name) values ('73', 'CS', 'AS, BS, CS,DS,
INSERT INTO CITATION(car_license_number, MODEL, COLOR, CITATION_DATE,   ZONE_DESIGNATION, ADDRESS, NAME, CITATION_TIME, VIOLATION_CATEGORY, FEES, DUE, STATUS) VALUES ( 'TRK1093',	'Rio',	'Blue',	TO_DATE('2020-08-14','YYYY-MM-DD'),   'AS, BS, CS,DS, V' ,'2704 Ben Clark St, NC 26701',	'Justice Lot',TO_TIMESTAMP('2020-08-14 14:40:00','YYYY-MM-DD HH24:MI:SS'), 'Expired'	,	25 , TO_DATE('2020-09-13','YYYY-MM-DD')  ,1);
INSERT INTO CITATION(car_license_number, MODEL, COLOR, CITATION_DATE,   ZONE_DESIGNATION, ADDRESS, NAME, CITATION_TIME, VIOLATION_CATEGORY, FEES, DUE, STATUS) VALUES ('UGY9123',	'Maxima',	'Black', TO_DATE('2020-08-17','YYYY-MM-DD'),	 'AS, BS, CS,DS, V' ,'2704 Ben Clark St, NC 26701',	'Justice Lot' ,TO_TIMESTAMP('2020-08-14 12:55:00','YYYY-MM-DD HH24:MI:SS'), 'Expired',		25,TO_DATE('2020-09-16','YYYY-MM-DD')  ,0);
INSERT INTO CITATION(car_license_number, MODEL, COLOR, CITATION_DATE,   ZONE_DESIGNATION, ADDRESS, NAME, CITATION_TIME, VIOLATION_CATEGORY, FEES, DUE, STATUS) VALUES ('AKL1732',	'Model X',	'Silver', TO_DATE('2020-08-17','YYYY-MM-DD'), 'AS, BS, CS,DS, V' ,'2704 Ben Clark St, NC 26701',	'Justice Lot',TO_TIMESTAMP('2020-08-14 13:00:00','YYYY-MM-DD HH24:MI:SS'),	 'Expired',		25, TO_DATE('2020-09-16','YYYY-MM-DD') ,0);
INSERT INTO CITATION(car_license_number, MODEL, COLOR, CITATION_DATE,   ZONE_DESIGNATION, ADDRESS, NAME, CITATION_TIME, VIOLATION_CATEGORY, FEES, DUE, STATUS) VALUES ('NEV9889',	'Elantra',	'Red',	TO_DATE('2020-09-10','YYYY-MM-DD'),  'AS, BS, CS,DS, V' ,'2704 Ben Clark St, NC 26701',	'Justice Lot', TO_TIMESTAMP('2020-08-14 15:50:00','YYYY-MM-DD HH24:MI:SS'),	 'Invalid', 		20, TO_DATE('2020-10-09','YYYY-MM-DD') ,0);
INSERT INTO CITATION(car_license_number, MODEL, COLOR, CITATION_DATE,   ZONE_DESIGNATION, ADDRESS, NAME, CITATION_TIME, VIOLATION_CATEGORY, FEES, DUE, STATUS) VALUES ('PTL5642',	'Sentra',	'Black',TO_DATE('2020-09-14','YYYY-MM-DD'),'A, B, C, D', '2105 Daniel Allen St, NC 27505',  'Freedom Lot', TO_TIMESTAMP('2020-08-14 10:05:00','YYYY-MM-DD HH24:MI:SS'),	 'No Permit', 40 ,TO_DATE('2020-10-13','YYYY-MM-DD') ,1);
INSERT INTO CITATION(car_license_number, MODEL, COLOR, CITATION_DATE,   ZONE_DESIGNATION, ADDRESS, NAME, CITATION_TIME, VIOLATION_CATEGORY, FEES, DUE, STATUS) VALUES ('TRK1093',	'Rio',	'Blue', TO_DATE('2020-09-21','YYYY-MM-DD'),	 'A, B, C, D, AS, BS, CS, DS, V', '2108 McKent St, NC 27507','Premiere Lot' ,TO_TIMESTAMP('2020-08-14 14:00:00','YYYY-MM-DD HH24:MI:SS'), 'Expired', 	25, TO_DATE('2020-10-20','YYYY-MM-DD') ,0);
 V', '2704 Ben Clark St, NC 26701', 'Justice Lot');
insert into Spaces (space_number, zone, zone_designation, address, name) values ('74', 'CS', 'AS, BS, CS,DS, V', '2704 Ben Clark St, NC 26701', 'Justice Lot');
insert into Spaces (space_number, zone, zone_designation, address, name) values ('75', 'CS', 'AS, BS, CS,DS, V', '2704 Ben Clark St, NC 26701', 'Justice Lot');
insert into Spaces (space_number, zone, zone_designation, address, name) values ('76', 'CS', 'AS, BS, CS,DS, V', '2704 Ben Clark St, NC 26701', 'Justice Lot');
insert into Spaces (space_number, zone, zone_designation, address, name) values ('77', 'CS', 'AS, BS, CS,DS, V', '2704 Ben Clark St, NC 26701', 'Justice Lot');
insert into Spaces (space_number, zone, zone_designation, address, name) values ('78', 'CS', 'AS, BS, CS,DS, V', '2704 Ben Clark St, NC 26701', 'Justice Lot');
insert into Spaces (space_number, zone, zone_designation, address, name) values ('79', 'CS', 'AS, BS, CS,DS, V', '2704 Ben Clark St, NC 26701', 'Justice Lot');
insert into Spaces (space_number, zone, zone_designation, address, name) values ('80', 'CS', 'AS, BS, CS,DS, V', '2704 Ben Clark St, NC 26701', 'Justice Lot');
insert into Spaces (space_number, zone, zone_designation, address, name) values ('81', 'CS', 'AS, BS, CS,DS, V', '2704 Ben Clark St, NC 26701', 'Justice Lot');
insert into Spaces (space_number, zone, zone_designation, address, name) values ('82', 'CS', 'AS, BS, CS,DS, V', '2704 Ben Clark St, NC 26701', 'Justice Lot');
insert into Spaces (space_number, zone, zone_designation, address, name) values ('83', 'CS', 'AS, BS, CS,DS, V', '2704 Ben Clark St, NC 26701', 'Justice Lot');
insert into Spaces (space_number, zone, zone_designation, address, name) values ('84', 'CS', 'AS, BS, CS,DS, V', '2704 Ben Clark St, NC 26701', 'Justice Lot');
insert into Spaces (space_number, zone, zone_designation, address, name) values ('85', 'CS', 'AS, BS, CS,DS, V', '2704 Ben Clark St, NC 26701', 'Justice Lot');
insert into Spaces (space_number, zone, zone_designation, address, name) values ('86', 'CS', 'AS, BS, CS,DS, V', '2704 Ben Clark St, NC 26701', 'Justice Lot');
insert into Spaces (space_number, zone, zone_designation, address, name) values ('87', 'CS', 'AS, BS, CS,DS, V', '2704 Ben Clark St, NC 26701', 'Justice Lot');
insert into Spaces (space_number, zone, zone_designation, address, name) values ('88', 'CS', 'AS, BS, CS,DS, V', '2704 Ben Clark St, NC 26701', 'Justice Lot');
insert into Spaces (space_number, zone, zone_designation, address, name) values ('89', 'CS', 'AS, BS, CS,DS, V', '2704 Ben Clark St, NC 26701', 'Justice Lot');
insert into Spaces (space_number, zone, zone_designation, address, name) values ('90', 'CS', 'AS, BS, CS,DS, V', '2704 Ben Clark St, NC 26701', 'Justice Lot');
insert into Spaces (space_number, zone, zone_designation, address, name) values ('91', 'CS', 'AS, BS, CS,DS, V', '2704 Ben Clark St, NC 26701', 'Justice Lot');
insert into Spaces (space_number, zone, zone_designation, address, name) values ('92', 'CS', 'AS, BS, CS,DS, V', '2704 Ben Clark St, NC 26701', 'Justice Lot');
insert into Spaces (space_number, zone, zone_designation, address, name) values ('93', 'CS', 'AS, BS, CS,DS, V', '2704 Ben Clark St, NC 26701', 'Justice Lot');
insert into Spaces (space_number, zone, zone_designation, address, name) values ('94', 'CS', 'AS, BS, CS,DS, V', '2704 Ben Clark St, NC 26701', 'Justice Lot');
insert into Spaces (space_number, zone, zone_designation, address, name) values ('95', 'CS', 'AS, BS, CS,DS, V', '2704 Ben Clark St, NC 26701', 'Justice Lot');
insert into Spaces (space_number, zone, zone_designation, address, name) values ('96', 'CS', 'AS, BS, CS,DS, V', '2704 Ben Clark St, NC 26701', 'Justice Lot');
insert into Spaces (space_number, zone, zone_designation, address, name) values ('97', 'CS', 'AS, BS, CS,DS, V', '2704 Ben Clark St, NC 26701', 'Justice Lot');
insert into Spaces (space_number, zone, zone_designation, address, name) values ('98', 'CS', 'AS, BS, CS,DS, V', '2704 Ben Clark St, NC 26701', 'Justice Lot');
insert into Spaces (space_number, zone, zone_designation, address, name) values ('99', 'CS', 'AS, BS, CS,DS, V', '2704 Ben Clark St, NC 26701', 'Justice Lot');
insert into Spaces (space_number, zone, zone_designation, address, name) values ('100', 'CS', 'AS, BS, CS,DS, V', '2704 Ben Clark St, NC 26701', 'Justice Lot');
insert into Spaces (space_number, zone, zone_designation, address, name) values ('101', 'CS', 'AS, BS, CS,DS, V', '2704 Ben Clark St, NC 26701', 'Justice Lot');
insert into Spaces (space_number, zone, zone_designation, address, name) values ('102', 'CS', 'AS, BS, CS,DS, V', '2704 Ben Clark St, NC 26701', 'Justice Lot');
insert into Spaces (space_number, zone, zone_designation, address, name) values ('103', 'CS', 'AS, BS, CS,DS, V', '2704 Ben Clark St, NC 26701', 'Justice Lot');
insert into Spaces (space_number, zone, zone_designation, address, name) values ('104', 'CS', 'AS, BS, CS,DS, V', '2704 Ben Clark St, NC 26701', 'Justice Lot');
insert into Spaces (space_number, zone, zone_designation, address, name) values ('105', 'DS', 'AS, BS, CS,DS, V', '2704 Ben Clark St, NC 26701', 'Justice Lot');
insert into Spaces (space_number, zone, zone_designation, address, name) values ('106', 'DS', 'AS, BS, CS,DS, V', '2704 Ben Clark St, NC 26701', 'Justice Lot');
insert into Spaces (space_number, zone, zone_designation, address, name) values ('107', 'DS', 'AS, BS, CS,DS, V', '2704 Ben Clark St, NC 26701', 'Justice Lot');
insert into Spaces (space_number, zone, zone_designation, address, name) values ('108', 'DS', 'AS, BS, CS,DS, V', '2704 Ben Clark St, NC 26701', 'Justice Lot');
insert into Spaces (space_number, zone, zone_designation, address, name) values ('109', 'DS', 'AS, BS, CS,DS, V', '2704 Ben Clark St, NC 26701', 'Justice Lot');
insert into Spaces (space_number, zone, zone_designation, address, name) values ('110', 'DS', 'AS, BS, CS,DS, V', '2704 Ben Clark St, NC 26701', 'Justice Lot');
insert into Spaces (space_number, zone, zone_designation, address, name) values ('111', 'DS', 'AS, BS, CS,DS, V', '2704 Ben Clark St, NC 26701', 'Justice Lot');
insert into Spaces (space_number, zone, zone_designation, address, name) values ('112', 'DS', 'AS, BS, CS,DS, V', '2704 Ben Clark St, NC 26701', 'Justice Lot');
insert into Spaces (space_number, zone, zone_designation, address, name) values ('113', 'DS', 'AS, BS, CS,DS, V', '2704 Ben Clark St, NC 26701', 'Justice Lot');
insert into Spaces (space_number, zone, zone_designation, address, name) values ('114', 'DS', 'AS, BS, CS,DS, V', '2704 Ben Clark St, NC 26701', 'Justice Lot');
insert into Spaces (space_number, zone, zone_designation, address, name) values ('115', 'DS', 'AS, BS, CS,DS, V', '2704 Ben Clark St, NC 26701', 'Justice Lot');
insert into Spaces (space_number, zone, zone_designation, address, name) values ('116', 'DS', 'AS, BS, CS,DS, V', '2704 Ben Clark St, NC 26701', 'Justice Lot');
insert into Spaces (space_number, zone, zone_designation, address, name) values ('117', 'DS', 'AS, BS, CS,DS, V', '2704 Ben Clark St, NC 26701', 'Justice Lot');
insert into Spaces (space_number, zone, zone_designation, address, name) values ('118', 'DS', 'AS, BS, CS,DS, V', '2704 Ben Clark St, NC 26701', 'Justice Lot');
insert into Spaces (space_number, zone, zone_designation, address, name) values ('119', 'DS', 'AS, BS, CS,DS, V', '2704 Ben Clark St, NC 26701', 'Justice Lot');
insert into Spaces (space_number, zone, zone_designation, address, name) values ('120', 'DS', 'AS, BS, CS,DS, V', '2704 Ben Clark St, NC 26701', 'Justice Lot');
insert into Spaces (space_number, zone, zone_designation, address, name) values ('121', 'DS', 'AS, BS, CS,DS, V', '2704 Ben Clark St, NC 26701', 'Justice Lot');
insert into Spaces (space_number, zone, zone_designation, address, name) values ('122', 'DS', 'AS, BS, CS,DS, V', '2704 Ben Clark St, NC 26701', 'Justice Lot');
insert into Spaces (space_number, zone, zone_designation, address, name) values ('123', 'DS', 'AS, BS, CS,DS, V', '2704 Ben Clark St, NC 26701', 'Justice Lot');
insert into Spaces (space_number, zone, zone_designation, address, name) values ('124', 'DS', 'AS, BS, CS,DS, V', '2704 Ben Clark St, NC 26701', 'Justice Lot');
insert into Spaces (space_number, zone, zone_designation, address, name) values ('125', 'DS', 'AS, BS, CS,DS, V', '2704 Ben Clark St, NC 26701', 'Justice Lot');
insert into Spaces (space_number, zone, zone_designation, address, name) values ('126', 'DS', 'AS, BS, CS,DS, V', '2704 Ben Clark St, NC 26701', 'Justice Lot');
insert into Spaces (space_number, zone, zone_designation, address, name) values ('127', 'DS', 'AS, BS, CS,DS, V', '2704 Ben Clark St, NC 26701', 'Justice Lot');
insert into Spaces (space_number, zone, zone_designation, address, name) values ('128', 'DS', 'AS, BS, CS,DS, V', '2704 Ben Clark St, NC 26701', 'Justice Lot');
insert into Spaces (space_number, zone, zone_designation, address, name) values ('129', 'DS', 'AS, BS, CS,DS, V', '2704 Ben Clark St, NC 26701', 'Justice Lot');
insert into Spaces (space_number, zone, zone_designation, address, name) values ('130', 'DS', 'AS, BS, CS,DS, V', '2704 Ben Clark St, NC 26701', 'Justice Lot');
insert into Spaces (space_number, zone, zone_designation, address, name) values ('131', 'DS', 'AS, BS, CS,DS, V', '2704 Ben Clark St, NC 26701', 'Justice Lot');
insert into Spaces (space_number, zone, zone_designation, address, name) values ('132', 'DS', 'AS, BS, CS,DS, V', '2704 Ben Clark St, NC 26701', 'Justice Lot');
insert into Spaces (space_number, zone, zone_designation, address, name) values ('133', 'DS', 'AS, BS, CS,DS, V', '2704 Ben Clark St, NC 26701', 'Justice Lot');
insert into Spaces (space_number, zone, zone_designation, address, name) values ('134', 'DS', 'AS, BS, CS,DS, V', '2704 Ben Clark St, NC 26701', 'Justice Lot');
insert into Spaces (space_number, zone, zone_designation, address, name) values ('135', 'DS', 'AS, BS, CS,DS, V', '2704 Ben Clark St, NC 26701', 'Justice Lot');
insert into Spaces (space_number, zone, zone_designation, address, name) values ('136', 'DS', 'AS, BS, CS,DS, V', '2704 Ben Clark St, NC 26701', 'Justice Lot');
insert into Spaces (space_number, zone, zone_designation, address, name) values ('137', 'DS', 'AS, BS, CS,DS, V', '2704 Ben Clark St, NC 26701', 'Justice Lot');
insert into Spaces (space_number, zone, zone_designation, address, name) values ('138', 'DS', 'AS, BS, CS,DS, V', '2704 Ben Clark St, NC 26701', 'Justice Lot');
insert into Spaces (space_number, zone, zone_designation, address, name) values ('139', 'DS', 'AS, BS, CS,DS, V', '2704 Ben Clark St, NC 26701', 'Justice Lot');
insert into Spaces (space_number, zone, zone_designation, address, name) values ('140', 'DS', 'AS, BS, CS,DS, V', '2704 Ben Clark St, NC 26701', 'Justice Lot');
insert into Spaces (space_number, zone, zone_designation, address, name) values ('141', 'DS', 'AS, BS, CS,DS, V', '2704 Ben Clark St, NC 26701', 'Justice Lot');
insert into Spaces (space_number, zone, zone_designation, address, name) values ('142', 'DS', 'AS, BS, CS,DS, V', '2704 Ben Clark St, NC 26701', 'Justice Lot');
insert into Spaces (space_number, zone, zone_designation, address, name) values ('143', 'DS', 'AS, BS, CS,DS, V', '2704 Ben Clark St, NC 26701', 'Justice Lot');
insert into Spaces (space_number, zone, zone_designation, address, name) values ('144', 'DS', 'AS, BS, CS,DS, V', '2704 Ben Clark St, NC 26701', 'Justice Lot');
insert into Spaces (space_number, zone, zone_designation, address, name) values ('145', 'DS', 'AS, BS, CS,DS, V', '2704 Ben Clark St, NC 26701', 'Justice Lot');
insert into Spaces (space_number, zone, zone_designation, address, name) values ('146', 'DS', 'AS, BS, CS,DS, V', '2704 Ben Clark St, NC 26701', 'Justice Lot');
insert into Spaces (space_number, zone, zone_designation, address, name) values ('147', 'DS', 'AS, BS, CS,DS, V', '2704 Ben Clark St, NC 26701', 'Justice Lot');
insert into Spaces (space_number, zone, zone_designation, address, name) values ('148', 'DS', 'AS, BS, CS,DS, V', '2704 Ben Clark St, NC 26701', 'Justice Lot');
insert into Spaces (space_number, zone, zone_designation, address, name) values ('149', 'DS', 'AS, BS, CS,DS, V', '2704 Ben Clark St, NC 26701', 'Justice Lot');
insert into Spaces (space_number, zone, zone_designation, address, name) values ('150', 'DS', 'AS, BS, CS,DS, V', '2704 Ben Clark St, NC 26701', 'Justice Lot');
insert into Spaces (space_number, zone, zone_designation, address, name, designated_type) values ('151', 'V', 'AS, BS, CS,DS, V', '2704 Ben Clark St, NC 26701', 'Justice Lot', 'handicapped');
insert into Spaces (space_number, zone, zone_designation, address, name, designated_type) values ('152', 'V', 'AS, BS, CS,DS, V', '2704 Ben Clark St, NC 26701', 'Justice Lot', 'handicapped');
insert into Spaces (space_number, zone, zone_designation, address, name, designated_type) values ('153', 'V', 'AS, BS, CS,DS, V', '2704 Ben Clark St, NC 26701', 'Justice Lot', 'handicapped');
insert into Spaces (space_number, zone, zone_designation, address, name, designated_type) values ('154', 'V', 'AS, BS, CS,DS, V', '2704 Ben Clark St, NC 26701', 'Justice Lot', 'handicapped');
insert into Spaces (space_number, zone, zone_designation, address, name, designated_type) values ('155', 'V', 'AS, BS, CS,DS, V', '2704 Ben Clark St, NC 26701', 'Justice Lot', 'handicapped');
insert into Spaces (space_number, zone, zone_designation, address, name) values ('156', 'V', 'AS, BS, CS,DS, V', '2704 Ben Clark St, NC 26701', 'Justice Lot');
insert into Spaces (space_number, zone, zone_designation, address, name) values ('157', 'V', 'AS, BS, CS,DS, V', '2704 Ben Clark St, NC 26701', 'Justice Lot');
insert into Spaces (space_number, zone, zone_designation, address, name) values ('158', 'V', 'AS, BS, CS,DS, V', '2704 Ben Clark St, NC 26701', 'Justice Lot');
insert into Spaces (space_number, zone, zone_designation, address, name) values ('159', 'V', 'AS, BS, CS,DS, V', '2704 Ben Clark St, NC 26701', 'Justice Lot');
insert into Spaces (space_number, zone, zone_designation, address, name) values ('160', 'V', 'AS, BS, CS,DS, V', '2704 Ben Clark St, NC 26701', 'Justice Lot');
insert into Spaces (space_number, zone, zone_designation, address, name) values ('161', 'V', 'AS, BS, CS,DS, V', '2704 Ben Clark St, NC 26701', 'Justice Lot');
insert into Spaces (space_number, zone, zone_designation, address, name) values ('162', 'V', 'AS, BS, CS,DS, V', '2704 Ben Clark St, NC 26701', 'Justice Lot');
insert into Spaces (space_number, zone, zone_designation, address, name) values ('163', 'V', 'AS, BS, CS,DS, V', '2704 Ben Clark St, NC 26701', 'Justice Lot');
insert into Spaces (space_number, zone, zone_designation, address, name) values ('164', 'V', 'AS, BS, CS,DS, V', '2704 Ben Clark St, NC 26701', 'Justice Lot');
insert into Spaces (space_number, zone, zone_designation, address, name) values ('165', 'V', 'AS, BS, CS,DS, V', '2704 Ben Clark St, NC 26701', 'Justice Lot');
insert into Spaces (space_number, zone, zone_designation, address, name) values ('166', 'V', 'AS, BS, CS,DS, V', '2704 Ben Clark St, NC 26701', 'Justice Lot');
insert into Spaces (space_number, zone, zone_designation, address, name) values ('167', 'V', 'AS, BS, CS,DS, V', '2704 Ben Clark St, NC 26701', 'Justice Lot');
insert into Spaces (space_number, zone, zone_designation, address, name) values ('168', 'V', 'AS, BS, CS,DS, V', '2704 Ben Clark St, NC 26701', 'Justice Lot');
insert into Spaces (space_number, zone, zone_designation, address, name) values ('169', 'V', 'AS, BS, CS,DS, V', '2704 Ben Clark St, NC 26701', 'Justice Lot');
insert into Spaces (space_number, zone, zone_designation, address, name) values ('170', 'V', 'AS, BS, CS,DS, V', '2704 Ben Clark St, NC 26701', 'Justice Lot');
insert into Spaces (space_number, zone, zone_designation, address, name) values ('171', 'V', 'AS, BS, CS,DS, V', '2704 Ben Clark St, NC 26701', 'Justice Lot');
insert into Spaces (space_number, zone, zone_designation, address, name, designated_type) values ('172', 'V', 'AS, BS, CS,DS, V', '2704 Ben Clark St, NC 26701', 'Justice Lot', 'electric');
insert into Spaces (space_number, zone, zone_designation, address, name, designated_type) values ('173', 'V', 'AS, BS, CS,DS, V', '2704 Ben Clark St, NC 26701', 'Justice Lot', 'electric');
insert into Spaces (space_number, zone, zone_designation, address, name, designated_type) values ('174', 'V', 'AS, BS, CS,DS, V', '2704 Ben Clark St, NC 26701', 'Justice Lot', 'electric');
insert into Spaces (space_number, zone, zone_designation, address, name, designated_type) values ('175', 'V', 'AS, BS, CS,DS, V', '2704 Ben Clark St, NC 26701', 'Justice Lot', 'electric');


insert into Spaces (space_number, zone, zone_designation, address, name) values ('1', 'A', 'A, B, C, D, AS, BS, CS, DS, V', '2108 McKent St, NC 27507', 'Premiere Lot');
insert into Spaces (space_number, zone, zone_designation, address, name) values ('2', 'A', 'A, B, C, D, AS, BS, CS, DS, V', '2108 McKent St, NC 27507', 'Premiere Lot');
insert into Spaces (space_number, zone, zone_designation, address, name) values ('3', 'A', 'A, B, C, D, AS, BS, CS, DS, V', '2108 McKent St, NC 27507', 'Premiere Lot');
insert into Spaces (space_number, zone, zone_designation, address, name) values ('4', 'A', 'A, B, C, D, AS, BS, CS, DS, V', '2108 McKent St, NC 27507', 'Premiere Lot');
insert into Spaces (space_number, zone, zone_designation, address, name) values ('5', 'A', 'A, B, C, D, AS, BS, CS, DS, V', '2108 McKent St, NC 27507', 'Premiere Lot');
insert into Spaces (space_number, zone, zone_designation, address, name) values ('6', 'A', 'A, B, C, D, AS, BS, CS, DS, V', '2108 McKent St, NC 27507', 'Premiere Lot');
insert into Spaces (space_number, zone, zone_designation, address, name) values ('7', 'A', 'A, B, C, D, AS, BS, CS, DS, V', '2108 McKent St, NC 27507', 'Premiere Lot');
insert into Spaces (space_number, zone, zone_designation, address, name) values ('8', 'A', 'A, B, C, D, AS, BS, CS, DS, V', '2108 McKent St, NC 27507', 'Premiere Lot');
insert into Spaces (space_number, zone, zone_designation, address, name) values ('9', 'A', 'A, B, C, D, AS, BS, CS, DS, V', '2108 McKent St, NC 27507', 'Premiere Lot');
insert into Spaces (space_number, zone, zone_designation, address, name) values ('10', 'A', 'A, B, C, D, AS, BS, CS, DS, V', '2108 McKent St, NC 27507', 'Premiere Lot');
insert into Spaces (space_number, zone, zone_designation, address, name) values ('11', 'A', 'A, B, C, D, AS, BS, CS, DS, V', '2108 McKent St, NC 27507', 'Premiere Lot');
insert into Spaces (space_number, zone, zone_designation, address, name) values ('12', 'A', 'A, B, C, D, AS, BS, CS, DS, V', '2108 McKent St, NC 27507', 'Premiere Lot');
insert into Spaces (space_number, zone, zone_designation, address, name) values ('13', 'A', 'A, B, C, D, AS, BS, CS, DS, V', '2108 McKent St, NC 27507', 'Premiere Lot');
insert into Spaces (space_number, zone, zone_designation, address, name) values ('14', 'A', 'A, B, C, D, AS, BS, CS, DS, V', '2108 McKent St, NC 27507', 'Premiere Lot');
insert into Spaces (space_number, zone, zone_designation, address, name) values ('15', 'A', 'A, B, C, D, AS, BS, CS, DS, V', '2108 McKent St, NC 27507', 'Premiere Lot');
insert into Spaces (space_number, zone, zone_designation, address, name) values ('16', 'A', 'A, B, C, D, AS, BS, CS, DS, V', '2108 McKent St, NC 27507', 'Premiere Lot');
insert into Spaces (space_number, zone, zone_designation, address, name) values ('17', 'A', 'A, B, C, D, AS, BS, CS, DS, V', '2108 McKent St, NC 27507', 'Premiere Lot');
insert into Spaces (space_number, zone, zone_designation, address, name) values ('18', 'A', 'A, B, C, D, AS, BS, CS, DS, V', '2108 McKent St, NC 27507', 'Premiere Lot');
insert into Spaces (space_number, zone, zone_designation, address, name) values ('19', 'A', 'A, B, C, D, AS, BS, CS, DS, V', '2108 McKent St, NC 27507', 'Premiere Lot');
insert into Spaces (space_number, zone, zone_designation, address, name) values ('20', 'A', 'A, B, C, D, AS, BS, CS, DS, V', '2108 McKent St, NC 27507', 'Premiere Lot');
insert into Spaces (space_number, zone, zone_designation, address, name) values ('21', 'A', 'A, B, C, D, AS, BS, CS, DS, V', '2108 McKent St, NC 27507', 'Premiere Lot');
insert into Spaces (space_number, zone, zone_designation, address, name) values ('22', 'A', 'A, B, C, D, AS, BS, CS, DS, V', '2108 McKent St, NC 27507', 'Premiere Lot');
insert into Spaces (space_number, zone, zone_designation, address, name) values ('23', 'A', 'A, B, C, D, AS, BS, CS, DS, V', '2108 McKent St, NC 27507', 'Premiere Lot');
insert into Spaces (space_number, zone, zone_designation, address, name) values ('24', 'A', 'A, B, C, D, AS, BS, CS, DS, V', '2108 McKent St, NC 27507', 'Premiere Lot');
insert into Spaces (space_number, zone, zone_designation, address, name) values ('25', 'B', 'A, B, C, D, AS, BS, CS, DS, V', '2108 McKent St, NC 27507', 'Premiere Lot');
insert into Spaces (space_number, zone, zone_designation, address, name) values ('26', 'B', 'A, B, C, D, AS, BS, CS, DS, V', '2108 McKent St, NC 27507', 'Premiere Lot');
insert into Spaces (space_number, zone, zone_designation, address, name) values ('27', 'B', 'A, B, C, D, AS, BS, CS, DS, V', '2108 McKent St, NC 27507', 'Premiere Lot');
insert into Spaces (space_number, zone, zone_designation, address, name) values ('28', 'B', 'A, B, C, D, AS, BS, CS, DS, V', '2108 McKent St, NC 27507', 'Premiere Lot');
insert into Spaces (space_number, zone, zone_designation, address, name) values ('29', 'B', 'A, B, C, D, AS, BS, CS, DS, V', '2108 McKent St, NC 27507', 'Premiere Lot');
insert into Spaces (space_number, zone, zone_designation, address, name) values ('30', 'B', 'A, B, C, D, AS, BS, CS, DS, V', '2108 McKent St, NC 27507', 'Premiere Lot');
insert into Spaces (space_number, zone, zone_designation, address, name) values ('31', 'B', 'A, B, C, D, AS, BS, CS, DS, V', '2108 McKent St, NC 27507', 'Premiere Lot');
insert into Spaces (space_number, zone, zone_designation, address, name) values ('32', 'B', 'A, B, C, D, AS, BS, CS, DS, V', '2108 McKent St, NC 27507', 'Premiere Lot');
insert into Spaces (space_number, zone, zone_designation, address, name) values ('33', 'B', 'A, B, C, D, AS, BS, CS, DS, V', '2108 McKent St, NC 27507', 'Premiere Lot');
insert into Spaces (space_number, zone, zone_designation, address, name) values ('34', 'B', 'A, B, C, D, AS, BS, CS, DS, V', '2108 McKent St, NC 27507', 'Premiere Lot');
insert into Spaces (space_number, zone, zone_designation, address, name) values ('35', 'B', 'A, B, C, D, AS, BS, CS, DS, V', '2108 McKent St, NC 27507', 'Premiere Lot');
insert into Spaces (space_number, zone, zone_designation, address, name) values ('36', 'B', 'A, B, C, D, AS, BS, CS, DS, V', '2108 McKent St, NC 27507', 'Premiere Lot');
insert into Spaces (space_number, zone, zone_designation, address, name) values ('37', 'B', 'A, B, C, D, AS, BS, CS, DS, V', '2108 McKent St, NC 27507', 'Premiere Lot');
insert into Spaces (space_number, zone, zone_designation, address, name) values ('38', 'B', 'A, B, C, D, AS, BS, CS, DS, V', '2108 McKent St, NC 27507', 'Premiere Lot');
insert into Spaces (space_number, zone, zone_designation, address, name) values ('39', 'B', 'A, B, C, D, AS, BS, CS, DS, V', '2108 McKent St, NC 27507', 'Premiere Lot');
insert into Spaces (space_number, zone, zone_designation, address, name) values ('40', 'B', 'A, B, C, D, AS, BS, CS, DS, V', '2108 McKent St, NC 27507', 'Premiere Lot');
insert into Spaces (space_number, zone, zone_designation, address, name) values ('41', 'B', 'A, B, C, D, AS, BS, CS, DS, V', '2108 McKent St, NC 27507', 'Premiere Lot');
insert into Spaces (space_number, zone, zone_designation, address, name) values ('42', 'B', 'A, B, C, D, AS, BS, CS, DS, V', '2108 McKent St, NC 27507', 'Premiere Lot');
insert into Spaces (space_number, zone, zone_designation, address, name) values ('43', 'B', 'A, B, C, D, AS, BS, CS, DS, V', '2108 McKent St, NC 27507', 'Premiere Lot');
insert into Spaces (space_number, zone, zone_designation, address, name) values ('44', 'B', 'A, B, C, D, AS, BS, CS, DS, V', '2108 McKent St, NC 27507', 'Premiere Lot');
insert into Spaces (space_number, zone, zone_designation, address, name) values ('45', 'B', 'A, B, C, D, AS, BS, CS, DS, V', '2108 McKent St, NC 27507', 'Premiere Lot');
insert into Spaces (space_number, zone, zone_designation, address, name) values ('46', 'B', 'A, B, C, D, AS, BS, CS, DS, V', '2108 McKent St, NC 27507', 'Premiere Lot');
insert into Spaces (space_number, zone, zone_designation, address, name) values ('47', 'B', 'A, B, C, D, AS, BS, CS, DS, V', '2108 McKent St, NC 27507', 'Premiere Lot');
insert into Spaces (space_number, zone, zone_designation, address, name) values ('48', 'B', 'A, B, C, D, AS, BS, CS, DS, V', '2108 McKent St, NC 27507', 'Premiere Lot');
insert into Spaces (space_number, zone, zone_designation, address, name) values ('49', 'B', 'A, B, C, D, AS, BS, CS, DS, V', '2108 McKent St, NC 27507', 'Premiere Lot');
insert into Spaces (space_number, zone, zone_designation, address, name) values ('50', 'C', 'A, B, C, D, AS, BS, CS, DS, V', '2108 McKent St, NC 27507', 'Premiere Lot');
insert into Spaces (space_number, zone, zone_designation, address, name) values ('51', 'C', 'A, B, C, D, AS, BS, CS, DS, V', '2108 McKent St, NC 27507', 'Premiere Lot');
insert into Spaces (space_number, zone, zone_designation, address, name) values ('52', 'C', 'A, B, C, D, AS, BS, CS, DS, V', '2108 McKent St, NC 27507', 'Premiere Lot');
insert into Spaces (space_number, zone, zone_designation, address, name) values ('53', 'C', 'A, B, C, D, AS, BS, CS, DS, V', '2108 McKent St, NC 27507', 'Premiere Lot');
insert into Spaces (space_number, zone, zone_designation, address, name) values ('54', 'C', 'A, B, C, D, AS, BS, CS, DS, V', '2108 McKent St, NC 27507', 'Premiere Lot');
insert into Spaces (space_number, zone, zone_designation, address, name) values ('55', 'C', 'A, B, C, D, AS, BS, CS, DS, V', '2108 McKent St, NC 27507', 'Premiere Lot');
insert into Spaces (space_number, zone, zone_designation, address, name) values ('56', 'C', 'A, B, C, D, AS, BS, CS, DS, V', '2108 McKent St, NC 27507', 'Premiere Lot');
insert into Spaces (space_number, zone, zone_designation, address, name) values ('57', 'C', 'A, B, C, D, AS, BS, CS, DS, V', '2108 McKent St, NC 27507', 'Premiere Lot');
insert into Spaces (space_number, zone, zone_designation, address, name) values ('58', 'C', 'A, B, C, D, AS, BS, CS, DS, V', '2108 McKent St, NC 27507', 'Premiere Lot');
insert into Spaces (space_number, zone, zone_designation, address, name) values ('59', 'C', 'A, B, C, D, AS, BS, CS, DS, V', '2108 McKent St, NC 27507', 'Premiere Lot');
insert into Spaces (space_number, zone, zone_designation, address, name) values ('60', 'C', 'A, B, C, D, AS, BS, CS, DS, V', '2108 McKent St, NC 27507', 'Premiere Lot');
insert into Spaces (space_number, zone, zone_designation, address, name) values ('61', 'C', 'A, B, C, D, AS, BS, CS, DS, V', '2108 McKent St, NC 27507', 'Premiere Lot');
insert into Spaces (space_number, zone, zone_designation, address, name) values ('62', 'C', 'A, B, C, D, AS, BS, CS, DS, V', '2108 McKent St, NC 27507', 'Premiere Lot');
insert into Spaces (space_number, zone, zone_designation, address, name) values ('63', 'C', 'A, B, C, D, AS, BS, CS, DS, V', '2108 McKent St, NC 27507', 'Premiere Lot');
insert into Spaces (space_number, zone, zone_designation, address, name) values ('64', 'C', 'A, B, C, D, AS, BS, CS, DS, V', '2108 McKent St, NC 27507', 'Premiere Lot');
insert into Spaces (space_number, zone, zone_designation, address, name) values ('65', 'C', 'A, B, C, D, AS, BS, CS, DS, V', '2108 McKent St, NC 27507', 'Premiere Lot');
insert into Spaces (space_number, zone, zone_designation, address, name) values ('66', 'C', 'A, B, C, D, AS, BS, CS, DS, V', '2108 McKent St, NC 27507', 'Premiere Lot');
insert into Spaces (space_number, zone, zone_designation, address, name) values ('67', 'C', 'A, B, C, D, AS, BS, CS, DS, V', '2108 McKent St, NC 27507', 'Premiere Lot');
insert into Spaces (space_number, zone, zone_designation, address, name) values ('68', 'C', 'A, B, C, D, AS, BS, CS, DS, V', '2108 McKent St, NC 27507', 'Premiere Lot');
insert into Spaces (space_number, zone, zone_designation, address, name) values ('69', 'C', 'A, B, C, D, AS, BS, CS, DS, V', '2108 McKent St, NC 27507', 'Premiere Lot');
insert into Spaces (space_number, zone, zone_designation, address, name) values ('70', 'C', 'A, B, C, D, AS, BS, CS, DS, V', '2108 McKent St, NC 27507', 'Premiere Lot');
insert into Spaces (space_number, zone, zone_designation, address, name) values ('71', 'C', 'A, B, C, D, AS, BS, CS, DS, V', '2108 McKent St, NC 27507', 'Premiere Lot');
insert into Spaces (space_number, zone, zone_designation, address, name) values ('72', 'C', 'A, B, C, D, AS, BS, CS, DS, V', '2108 McKent St, NC 27507', 'Premiere Lot');
insert into Spaces (space_number, zone, zone_designation, address, name) values ('73', 'C', 'A, B, C, D, AS, BS, CS, DS, V', '2108 McKent St, NC 27507', 'Premiere Lot');
insert into Spaces (space_number, zone, zone_designation, address, name) values ('74', 'C', 'A, B, C, D, AS, BS, CS, DS, V', '2108 McKent St, NC 27507', 'Premiere Lot');
insert into Spaces (space_number, zone, zone_designation, address, name) values ('75', 'D', 'A, B, C, D, AS, BS, CS, DS, V', '2108 McKent St, NC 27507', 'Premiere Lot');
insert into Spaces (space_number, zone, zone_designation, address, name) values ('76', 'D', 'A, B, C, D, AS, BS, CS, DS, V', '2108 McKent St, NC 27507', 'Premiere Lot');
insert into Spaces (space_number, zone, zone_designation, address, name) values ('77', 'D', 'A, B, C, D, AS, BS, CS, DS, V', '2108 McKent St, NC 27507', 'Premiere Lot');
insert into Spaces (space_number, zone, zone_designation, address, name) values ('78', 'D', 'A, B, C, D, AS, BS, CS, DS, V', '2108 McKent St, NC 27507', 'Premiere Lot');
insert into Spaces (space_number, zone, zone_designation, address, name) values ('79', 'D', 'A, B, C, D, AS, BS, CS, DS, V', '2108 McKent St, NC 27507', 'Premiere Lot');
insert into Spaces (space_number, zone, zone_designation, address, name) values ('80', 'D', 'A, B, C, D, AS, BS, CS, DS, V', '2108 McKent St, NC 27507', 'Premiere Lot');
insert into Spaces (space_number, zone, zone_designation, address, name) values ('81', 'D', 'A, B, C, D, AS, BS, CS, DS, V', '2108 McKent St, NC 27507', 'Premiere Lot');
insert into Spaces (space_number, zone, zone_designation, address, name) values ('82', 'D', 'A, B, C, D, AS, BS, CS, DS, V', '2108 McKent St, NC 27507', 'Premiere Lot');
insert into Spaces (space_number, zone, zone_designation, address, name) values ('83', 'D', 'A, B, C, D, AS, BS, CS, DS, V', '2108 McKent St, NC 27507', 'Premiere Lot');
insert into Spaces (space_number, zone, zone_designation, address, name) values ('84', 'D', 'A, B, C, D, AS, BS, CS, DS, V', '2108 McKent St, NC 27507', 'Premiere Lot');
insert into Spaces (space_number, zone, zone_designation, address, name) values ('85', 'D', 'A, B, C, D, AS, BS, CS, DS, V', '2108 McKent St, NC 27507', 'Premiere Lot');
insert into Spaces (space_number, zone, zone_designation, address, name) values ('86', 'D', 'A, B, C, D, AS, BS, CS, DS, V', '2108 McKent St, NC 27507', 'Premiere Lot');
insert into Spaces (space_number, zone, zone_designation, address, name) values ('87', 'D', 'A, B, C, D, AS, BS, CS, DS, V', '2108 McKent St, NC 27507', 'Premiere Lot');
insert into Spaces (space_number, zone, zone_designation, address, name) values ('88', 'D', 'A, B, C, D, AS, BS, CS, DS, V', '2108 McKent St, NC 27507', 'Premiere Lot');
insert into Spaces (space_number, zone, zone_designation, address, name) values ('89', 'D', 'A, B, C, D, AS, BS, CS, DS, V', '2108 McKent St, NC 27507', 'Premiere Lot');
insert into Spaces (space_number, zone, zone_designation, address, name) values ('90', 'D', 'A, B, C, D, AS, BS, CS, DS, V', '2108 McKent St, NC 27507', 'Premiere Lot');
insert into Spaces (space_number, zone, zone_designation, address, name) values ('91', 'D', 'A, B, C, D, AS, BS, CS, DS, V', '2108 McKent St, NC 27507', 'Premiere Lot');
insert into Spaces (space_number, zone, zone_designation, address, name) values ('92', 'D', 'A, B, C, D, AS, BS, CS, DS, V', '2108 McKent St, NC 27507', 'Premiere Lot');
insert into Spaces (space_number, zone, zone_designation, address, name) values ('93', 'D', 'A, B, C, D, AS, BS, CS, DS, V', '2108 McKent St, NC 27507', 'Premiere Lot');
insert into Spaces (space_number, zone, zone_designation, address, name) values ('94', 'D', 'A, B, C, D, AS, BS, CS, DS, V', '2108 McKent St, NC 27507', 'Premiere Lot');
insert into Spaces (space_number, zone, zone_designation, address, name) values ('95', 'D', 'A, B, C, D, AS, BS, CS, DS, V', '2108 McKent St, NC 27507', 'Premiere Lot');
insert into Spaces (space_number, zone, zone_designation, address, name) values ('96', 'D', 'A, B, C, D, AS, BS, CS, DS, V', '2108 McKent St, NC 27507', 'Premiere Lot');
insert into Spaces (space_number, zone, zone_designation, address, name) values ('97', 'D', 'A, B, C, D, AS, BS, CS, DS, V', '2108 McKent St, NC 27507', 'Premiere Lot');
insert into Spaces (space_number, zone, zone_designation, address, name) values ('98', 'D', 'A, B, C, D, AS, BS, CS, DS, V', '2108 McKent St, NC 27507', 'Premiere Lot');
insert into Spaces (space_number, zone, zone_designation, address, name) values ('99', 'D', 'A, B, C, D, AS, BS, CS, DS, V', '2108 McKent St, NC 27507', 'Premiere Lot');
insert into Spaces (space_number, zone, zone_designation, address, name) values ('100', 'AS', 'A, B, C, D, AS, BS, CS, DS, V', '2108 McKent St, NC 27507', 'Premiere Lot');
insert into Spaces (space_number, zone, zone_designation, address, name) values ('101', 'AS', 'A, B, C, D, AS, BS, CS, DS, V', '2108 McKent St, NC 27507', 'Premiere Lot');
insert into Spaces (space_number, zone, zone_designation, address, name) values ('102', 'AS', 'A, B, C, D, AS, BS, CS, DS, V', '2108 McKent St, NC 27507', 'Premiere Lot');
insert into Spaces (space_number, zone, zone_designation, address, name) values ('103', 'AS', 'A, B, C, D, AS, BS, CS, DS, V', '2108 McKent St, NC 27507', 'Premiere Lot');
insert into Spaces (space_number, zone, zone_designation, address, name) values ('104', 'AS', 'A, B, C, D, AS, BS, CS, DS, V', '2108 McKent St, NC 27507', 'Premiere Lot');
insert into Spaces (space_number, zone, zone_designation, address, name) values ('105', 'AS', 'A, B, C, D, AS, BS, CS, DS, V', '2108 McKent St, NC 27507', 'Premiere Lot');
insert into Spaces (space_number, zone, zone_designation, address, name) values ('106', 'AS', 'A, B, C, D, AS, BS, CS, DS, V', '2108 McKent St, NC 27507', 'Premiere Lot');
insert into Spaces (space_number, zone, zone_designation, address, name) values ('107', 'AS', 'A, B, C, D, AS, BS, CS, DS, V', '2108 McKent St, NC 27507', 'Premiere Lot');
insert into Spaces (space_number, zone, zone_designation, address, name) values ('108', 'AS', 'A, B, C, D, AS, BS, CS, DS, V', '2108 McKent St, NC 27507', 'Premiere Lot');
insert into Spaces (space_number, zone, zone_designation, address, name) values ('109', 'AS', 'A, B, C, D, AS, BS, CS, DS, V', '2108 McKent St, NC 27507', 'Premiere Lot');
insert into Spaces (space_number, zone, zone_designation, address, name) values ('110', 'AS', 'A, B, C, D, AS, BS, CS, DS, V', '2108 McKent St, NC 27507', 'Premiere Lot');
insert into Spaces (space_number, zone, zone_designation, address, name) values ('111', 'AS', 'A, B, C, D, AS, BS, CS, DS, V', '2108 McKent St, NC 27507', 'Premiere Lot');
insert into Spaces (space_number, zone, zone_designation, address, name) values ('112', 'AS', 'A, B, C, D, AS, BS, CS, DS, V', '2108 McKent St, NC 27507', 'Premiere Lot');
insert into Spaces (space_number, zone, zone_designation, address, name) values ('113', 'AS', 'A, B, C, D, AS, BS, CS, DS, V', '2108 McKent St, NC 27507', 'Premiere Lot');
insert into Spaces (space_number, zone, zone_designation, address, name) values ('114', 'AS', 'A, B, C, D, AS, BS, CS, DS, V', '2108 McKent St, NC 27507', 'Premiere Lot');
insert into Spaces (space_number, zone, zone_designation, address, name) values ('115', 'AS', 'A, B, C, D, AS, BS, CS, DS, V', '2108 McKent St, NC 27507', 'Premiere Lot');
insert into Spaces (space_number, zone, zone_designation, address, name) values ('116', 'AS', 'A, B, C, D, AS, BS, CS, DS, V', '2108 McKent St, NC 27507', 'Premiere Lot');
insert into Spaces (space_number, zone, zone_designation, address, name) values ('117', 'AS', 'A, B, C, D, AS, BS, CS, DS, V', '2108 McKent St, NC 27507', 'Premiere Lot');
insert into Spaces (space_number, zone, zone_designation, address, name) values ('118', 'AS', 'A, B, C, D, AS, BS, CS, DS, V', '2108 McKent St, NC 27507', 'Premiere Lot');
insert into Spaces (space_number, zone, zone_designation, address, name) values ('119', 'AS', 'A, B, C, D, AS, BS, CS, DS, V', '2108 McKent St, NC 27507', 'Premiere Lot');
insert into Spaces (space_number, zone, zone_designation, address, name) values ('120', 'AS', 'A, B, C, D, AS, BS, CS, DS, V', '2108 McKent St, NC 27507', 'Premiere Lot');
insert into Spaces (space_number, zone, zone_designation, address, name) values ('121', 'AS', 'A, B, C, D, AS, BS, CS, DS, V', '2108 McKent St, NC 27507', 'Premiere Lot');
insert into Spaces (space_number, zone, zone_designation, address, name) values ('122', 'AS', 'A, B, C, D, AS, BS, CS, DS, V', '2108 McKent St, NC 27507', 'Premiere Lot');
insert into Spaces (space_number, zone, zone_designation, address, name) values ('123', 'AS', 'A, B, C, D, AS, BS, CS, DS, V', '2108 McKent St, NC 27507', 'Premiere Lot');
insert into Spaces (space_number, zone, zone_designation, address, name) values ('124', 'AS', 'A, B, C, D, AS, BS, CS, DS, V', '2108 McKent St, NC 27507', 'Premiere Lot');
insert into Spaces (space_number, zone, zone_designation, address, name) values ('125', 'BS', 'A, B, C, D, AS, BS, CS, DS, V', '2108 McKent St, NC 27507', 'Premiere Lot');
insert into Spaces (space_number, zone, zone_designation, address, name) values ('126', 'BS', 'A, B, C, D, AS, BS, CS, DS, V', '2108 McKent St, NC 27507', 'Premiere Lot');
insert into Spaces (space_number, zone, zone_designation, address, name) values ('127', 'BS', 'A, B, C, D, AS, BS, CS, DS, V', '2108 McKent St, NC 27507', 'Premiere Lot');
insert into Spaces (space_number, zone, zone_designation, address, name) values ('128', 'BS', 'A, B, C, D, AS, BS, CS, DS, V', '2108 McKent St, NC 27507', 'Premiere Lot');
insert into Spaces (space_number, zone, zone_designation, address, name) values ('129', 'BS', 'A, B, C, D, AS, BS, CS, DS, V', '2108 McKent St, NC 27507', 'Premiere Lot');
insert into Spaces (space_number, zone, zone_designation, address, name) values ('130', 'BS', 'A, B, C, D, AS, BS, CS, DS, V', '2108 McKent St, NC 27507', 'Premiere Lot');
insert into Spaces (space_number, zone, zone_designation, address, name) values ('131', 'BS', 'A, B, C, D, AS, BS, CS, DS, V', '2108 McKent St, NC 27507', 'Premiere Lot');
insert into Spaces (space_number, zone, zone_designation, address, name) values ('132', 'BS', 'A, B, C, D, AS, BS, CS, DS, V', '2108 McKent St, NC 27507', 'Premiere Lot');
insert into Spaces (space_number, zone, zone_designation, address, name) values ('133', 'BS', 'A, B, C, D, AS, BS, CS, DS, V', '2108 McKent St, NC 27507', 'Premiere Lot');
insert into Spaces (space_number, zone, zone_designation, address, name) values ('134', 'BS', 'A, B, C, D, AS, BS, CS, DS, V', '2108 McKent St, NC 27507', 'Premiere Lot');
insert into Spaces (space_number, zone, zone_designation, address, name) values ('135', 'BS', 'A, B, C, D, AS, BS, CS, DS, V', '2108 McKent St, NC 27507', 'Premiere Lot');
insert into Spaces (space_number, zone, zone_designation, address, name) values ('136', 'BS', 'A, B, C, D, AS, BS, CS, DS, V', '2108 McKent St, NC 27507', 'Premiere Lot');
insert into Spaces (space_number, zone, zone_designation, address, name) values ('137', 'BS', 'A, B, C, D, AS, BS, CS, DS, V', '2108 McKent St, NC 27507', 'Premiere Lot');
insert into Spaces (space_number, zone, zone_designation, address, name) values ('138', 'BS', 'A, B, C, D, AS, BS, CS, DS, V', '2108 McKent St, NC 27507', 'Premiere Lot');
insert into Spaces (space_number, zone, zone_designation, address, name) values ('139', 'BS', 'A, B, C, D, AS, BS, CS, DS, V', '2108 McKent St, NC 27507', 'Premiere Lot');
insert into Spaces (space_number, zone, zone_designation, address, name) values ('140', 'BS', 'A, B, C, D, AS, BS, CS, DS, V', '2108 McKent St, NC 27507', 'Premiere Lot');
insert into Spaces (space_number, zone, zone_designation, address, name) values ('141', 'BS', 'A, B, C, D, AS, BS, CS, DS, V', '2108 McKent St, NC 27507', 'Premiere Lot');
insert into Spaces (space_number, zone, zone_designation, address, name) values ('142', 'BS', 'A, B, C, D, AS, BS, CS, DS, V', '2108 McKent St, NC 27507', 'Premiere Lot');
insert into Spaces (space_number, zone, zone_designation, address, name) values ('143', 'BS', 'A, B, C, D, AS, BS, CS, DS, V', '2108 McKent St, NC 27507', 'Premiere Lot');
insert into Spaces (space_number, zone, zone_designation, address, name) values ('144', 'BS', 'A, B, C, D, AS, BS, CS, DS, V', '2108 McKent St, NC 27507', 'Premiere Lot');
insert into Spaces (space_number, zone, zone_designation, address, name) values ('145', 'BS', 'A, B, C, D, AS, BS, CS, DS, V', '2108 McKent St, NC 27507', 'Premiere Lot');
insert into Spaces (space_number, zone, zone_designation, address, name) values ('146', 'BS', 'A, B, C, D, AS, BS, CS, DS, V', '2108 McKent St, NC 27507', 'Premiere Lot');
insert into Spaces (space_number, zone, zone_designation, address, name) values ('147', 'BS', 'A, B, C, D, AS, BS, CS, DS, V', '2108 McKent St, NC 27507', 'Premiere Lot');
insert into Spaces (space_number, zone, zone_designation, address, name) values ('148', 'BS', 'A, B, C, D, AS, BS, CS, DS, V', '2108 McKent St, NC 27507', 'Premiere Lot');
insert into Spaces (space_number, zone, zone_designation, address, name) values ('149', 'BS', 'A, B, C, D, AS, BS, CS, DS, V', '2108 McKent St, NC 27507', 'Premiere Lot');
insert into Spaces (space_number, zone, zone_designation, address, name) values ('150', 'CS', 'A, B, C, D, AS, BS, CS, DS, V', '2108 McKent St, NC 27507', 'Premiere Lot');
insert into Spaces (space_number, zone, zone_designation, address, name) values ('151', 'CS', 'A, B, C, D, AS, BS, CS, DS, V', '2108 McKent St, NC 27507', 'Premiere Lot');
insert into Spaces (space_number, zone, zone_designation, address, name) values ('152', 'CS', 'A, B, C, D, AS, BS, CS, DS, V', '2108 McKent St, NC 27507', 'Premiere Lot');
insert into Spaces (space_number, zone, zone_designation, address, name) values ('153', 'CS', 'A, B, C, D, AS, BS, CS, DS, V', '2108 McKent St, NC 27507', 'Premiere Lot');
insert into Spaces (space_number, zone, zone_designation, address, name) values ('154', 'CS', 'A, B, C, D, AS, BS, CS, DS, V', '2108 McKent St, NC 27507', 'Premiere Lot');
insert into Spaces (space_number, zone, zone_designation, address, name) values ('155', 'CS', 'A, B, C, D, AS, BS, CS, DS, V', '2108 McKent St, NC 27507', 'Premiere Lot');
insert into Spaces (space_number, zone, zone_designation, address, name) values ('156', 'CS', 'A, B, C, D, AS, BS, CS, DS, V', '2108 McKent St, NC 27507', 'Premiere Lot');
insert into Spaces (space_number, zone, zone_designation, address, name) values ('157', 'CS', 'A, B, C, D, AS, BS, CS, DS, V', '2108 McKent St, NC 27507', 'Premiere Lot');
insert into Spaces (space_number, zone, zone_designation, address, name) values ('158', 'CS', 'A, B, C, D, AS, BS, CS, DS, V', '2108 McKent St, NC 27507', 'Premiere Lot');
insert into Spaces (space_number, zone, zone_designation, address, name) values ('159', 'CS', 'A, B, C, D, AS, BS, CS, DS, V', '2108 McKent St, NC 27507', 'Premiere Lot');
insert into Spaces (space_number, zone, zone_designation, address, name) values ('160', 'CS', 'A, B, C, D, AS, BS, CS, DS, V', '2108 McKent St, NC 27507', 'Premiere Lot');
insert into Spaces (space_number, zone, zone_designation, address, name) values ('161', 'CS', 'A, B, C, D, AS, BS, CS, DS, V', '2108 McKent St, NC 27507', 'Premiere Lot');
insert into Spaces (space_number, zone, zone_designation, address, name) values ('162', 'CS', 'A, B, C, D, AS, BS, CS, DS, V', '2108 McKent St, NC 27507', 'Premiere Lot');
insert into Spaces (space_number, zone, zone_designation, address, name) values ('163', 'CS', 'A, B, C, D, AS, BS, CS, DS, V', '2108 McKent St, NC 27507', 'Premiere Lot');
insert into Spaces (space_number, zone, zone_designation, address, name) values ('164', 'CS', 'A, B, C, D, AS, BS, CS, DS, V', '2108 McKent St, NC 27507', 'Premiere Lot');
insert into Spaces (space_number, zone, zone_designation, address, name) values ('165', 'CS', 'A, B, C, D, AS, BS, CS, DS, V', '2108 McKent St, NC 27507', 'Premiere Lot');
insert into Spaces (space_number, zone, zone_designation, address, name) values ('166', 'CS', 'A, B, C, D, AS, BS, CS, DS, V', '2108 McKent St, NC 27507', 'Premiere Lot');
insert into Spaces (space_number, zone, zone_designation, address, name) values ('167', 'CS', 'A, B, C, D, AS, BS, CS, DS, V', '2108 McKent St, NC 27507', 'Premiere Lot');
insert into Spaces (space_number, zone, zone_designation, address, name) values ('168', 'CS', 'A, B, C, D, AS, BS, CS, DS, V', '2108 McKent St, NC 27507', 'Premiere Lot');
insert into Spaces (space_number, zone, zone_designation, address, name) values ('169', 'CS', 'A, B, C, D, AS, BS, CS, DS, V', '2108 McKent St, NC 27507', 'Premiere Lot');
insert into Spaces (space_number, zone, zone_designation, address, name) values ('170', 'CS', 'A, B, C, D, AS, BS, CS, DS, V', '2108 McKent St, NC 27507', 'Premiere Lot');
insert into Spaces (space_number, zone, zone_designation, address, name) values ('171', 'CS', 'A, B, C, D, AS, BS, CS, DS, V', '2108 McKent St, NC 27507', 'Premiere Lot');
insert into Spaces (space_number, zone, zone_designation, address, name) values ('172', 'CS', 'A, B, C, D, AS, BS, CS, DS, V', '2108 McKent St, NC 27507', 'Premiere Lot');
insert into Spaces (space_number, zone, zone_designation, address, name) values ('173', 'CS', 'A, B, C, D, AS, BS, CS, DS, V', '2108 McKent St, NC 27507', 'Premiere Lot');
insert into Spaces (space_number, zone, zone_designation, address, name) values ('174', 'CS', 'A, B, C, D, AS, BS, CS, DS, V', '2108 McKent St, NC 27507', 'Premiere Lot');
insert into Spaces (space_number, zone, zone_designation, address, name) values ('175', 'DS', 'A, B, C, D, AS, BS, CS, DS, V', '2108 McKent St, NC 27507', 'Premiere Lot');
insert into Spaces (space_number, zone, zone_designation, address, name) values ('176', 'DS', 'A, B, C, D, AS, BS, CS, DS, V', '2108 McKent St, NC 27507', 'Premiere Lot');
insert into Spaces (space_number, zone, zone_designation, address, name) values ('177', 'DS', 'A, B, C, D, AS, BS, CS, DS, V', '2108 McKent St, NC 27507', 'Premiere Lot');
insert into Spaces (space_number, zone, zone_designation, address, name) values ('178', 'DS', 'A, B, C, D, AS, BS, CS, DS, V', '2108 McKent St, NC 27507', 'Premiere Lot');
insert into Spaces (space_number, zone, zone_designation, address, name) values ('179', 'DS', 'A, B, C, D, AS, BS, CS, DS, V', '2108 McKent St, NC 27507', 'Premiere Lot');
insert into Spaces (space_number, zone, zone_designation, address, name) values ('180', 'DS', 'A, B, C, D, AS, BS, CS, DS, V', '2108 McKent St, NC 27507', 'Premiere Lot');
insert into Spaces (space_number, zone, zone_designation, address, name) values ('181', 'DS', 'A, B, C, D, AS, BS, CS, DS, V', '2108 McKent St, NC 27507', 'Premiere Lot');
insert into Spaces (space_number, zone, zone_designation, address, name) values ('182', 'DS', 'A, B, C, D, AS, BS, CS, DS, V', '2108 McKent St, NC 27507', 'Premiere Lot');
insert into Spaces (space_number, zone, zone_designation, address, name) values ('183', 'DS', 'A, B, C, D, AS, BS, CS, DS, V', '2108 McKent St, NC 27507', 'Premiere Lot');
insert into Spaces (space_number, zone, zone_designation, address, name) values ('184', 'DS', 'A, B, C, D, AS, BS, CS, DS, V', '2108 McKent St, NC 27507', 'Premiere Lot');
insert into Spaces (space_number, zone, zone_designation, address, name) values ('185', 'DS', 'A, B, C, D, AS, BS, CS, DS, V', '2108 McKent St, NC 27507', 'Premiere Lot');
insert into Spaces (space_number, zone, zone_designation, address, name) values ('186', 'DS', 'A, B, C, D, AS, BS, CS, DS, V', '2108 McKent St, NC 27507', 'Premiere Lot');
insert into Spaces (space_number, zone, zone_designation, address, name) values ('187', 'DS', 'A, B, C, D, AS, BS, CS, DS, V', '2108 McKent St, NC 27507', 'Premiere Lot');
insert into Spaces (space_number, zone, zone_designation, address, name) values ('188', 'DS', 'A, B, C, D, AS, BS, CS, DS, V', '2108 McKent St, NC 27507', 'Premiere Lot');
insert into Spaces (space_number, zone, zone_designation, address, name) values ('189', 'DS', 'A, B, C, D, AS, BS, CS, DS, V', '2108 McKent St, NC 27507', 'Premiere Lot');
insert into Spaces (space_number, zone, zone_designation, address, name) values ('190', 'DS', 'A, B, C, D, AS, BS, CS, DS, V', '2108 McKent St, NC 27507', 'Premiere Lot');
insert into Spaces (space_number, zone, zone_designation, address, name) values ('191', 'DS', 'A, B, C, D, AS, BS, CS, DS, V', '2108 McKent St, NC 27507', 'Premiere Lot');
insert into Spaces (space_number, zone, zone_designation, address, name) values ('192', 'DS', 'A, B, C, D, AS, BS, CS, DS, V', '2108 McKent St, NC 27507', 'Premiere Lot');
insert into Spaces (space_number, zone, zone_designation, address, name) values ('193', 'DS', 'A, B, C, D, AS, BS, CS, DS, V', '2108 McKent St, NC 27507', 'Premiere Lot');
insert into Spaces (space_number, zone, zone_designation, address, name) values ('194', 'DS', 'A, B, C, D, AS, BS, CS, DS, V', '2108 McKent St, NC 27507', 'Premiere Lot');
insert into Spaces (space_number, zone, zone_designation, address, name) values ('195', 'DS', 'A, B, C, D, AS, BS, CS, DS, V', '2108 McKent St, NC 27507', 'Premiere Lot');
insert into Spaces (space_number, zone, zone_designation, address, name) values ('196', 'DS', 'A, B, C, D, AS, BS, CS, DS, V', '2108 McKent St, NC 27507', 'Premiere Lot');
insert into Spaces (space_number, zone, zone_designation, address, name) values ('197', 'DS', 'A, B, C, D, AS, BS, CS, DS, V', '2108 McKent St, NC 27507', 'Premiere Lot');
insert into Spaces (space_number, zone, zone_designation, address, name) values ('198', 'DS', 'A, B, C, D, AS, BS, CS, DS, V', '2108 McKent St, NC 27507', 'Premiere Lot');
insert into Spaces (space_number, zone, zone_designation, address, name) values ('199', 'DS', 'A, B, C, D, AS, BS, CS, DS, V', '2108 McKent St, NC 27507', 'Premiere Lot');
insert into Spaces (space_number, zone, zone_designation, address, name) values ('200', 'V', 'A, B, C, D, AS, BS, CS, DS, V', '2108 McKent St, NC 27507', 'Premiere Lot');

select * from SPACES;

INSERT INTO PERMIT (PERMIT_ID, ZONE, START_DATE, EXPIRY_DATE, EXPIRY_TIME, CAR_MANUFACTURER, MODEL, YEAR, COLOR, VEHICLE_NUMBER) VALUES ('20V0001A', 'V',	TO_DATE('2020-08-12','YYYY-MM-DD'),		TO_DATE('2020-08-12','YYYY-MM-DD'),		TO_TIMESTAMP('2020-08-12 16:00:00','YYYY-MM-DD HH24:MI:SS'),	'Toyota',	'Camry',	'2018',	'RED',	'CDF5731');
INSERT INTO PERMIT (PERMIT_ID, ZONE, START_DATE, EXPIRY_DATE, EXPIRY_TIME, CAR_MANUFACTURER, MODEL, YEAR, COLOR, VEHICLE_NUMBER) VALUES ('20V0021B',	'V',	TO_DATE('2020-08-14','YYYY-MM-DD'),		TO_DATE('2020-08-14','YYYY-MM-DD'),		TO_TIMESTAMP('2020-08-14 14:00:00','YYYY-MM-DD HH24:MI:SS')	,	'Kia',	'Rio',	'2017',	'blue',	'TRK1093');
INSERT INTO PERMIT (PERMIT_ID, ZONE, START_DATE, EXPIRY_DATE, EXPIRY_TIME, CAR_MANUFACTURER, MODEL, YEAR, COLOR, VEHICLE_NUMBER, SPACE_TYPE) VALUES ('20V0015J',	'V',	TO_DATE('2020-08-17','YYYY-MM-DD'),		TO_DATE('2020-08-17','YYYY-MM-DD'),		TO_TIMESTAMP('2020-08-17 12:10:00','YYYY-MM-DD HH24:MI:SS')	,	'Nissan',	'Maxima',	2015,	'black',	'UGY9123', 'handicapped');
INSERT INTO PERMIT (PERMIT_ID, ZONE, START_DATE, EXPIRY_DATE, EXPIRY_TIME, CAR_MANUFACTURER, MODEL, YEAR, COLOR, VEHICLE_NUMBER, SPACE_TYPE) VALUES ('20V0021L',	'V',	TO_DATE('2020-08-17','YYYY-MM-DD'),		TO_DATE('2020-08-17','YYYY-MM-DD'),		TO_TIMESTAMP('2020-08-17 12:45:00','YYYY-MM-DD HH24:MI:SS')	,	'Tesla',	'Model X'	,2019,	'silver'	,'AKL1732','electric');
INSERT INTO PERMIT (PERMIT_ID, ZONE, START_DATE, EXPIRY_DATE, EXPIRY_TIME, CAR_MANUFACTURER, MODEL, YEAR, COLOR, VEHICLE_NUMBER, SPACE_TYPE) VALUES ('20V0026P',	'V',	TO_DATE('2020-08-19','YYYY-MM-DD'),		TO_DATE('2020-08-19','YYYY-MM-DD'),		TO_TIMESTAMP('2020-08-19 16:50:00','YYYY-MM-DD HH24:MI:SS')	,	'Audi',	'Q3',	'2016',	'white',	'UWA1118', 'handicapped');
INSERT INTO PERMIT (PERMIT_ID, ZONE, START_DATE, EXPIRY_DATE, EXPIRY_TIME, CAR_MANUFACTURER, MODEL, YEAR, COLOR, VEHICLE_NUMBER) VALUES ('20V0012B',	'V',	TO_DATE('2020-09-21','YYYY-MM-DD'),		TO_DATE('2020-09-21','YYYY-MM-DD'),		TO_TIMESTAMP('2020-09-21 13:30:00','YYYY-MM-DD HH24:MI:SS')	,	'Kia',	'Rio',	'2017'	,'blue',	'TRK1093');
INSERT INTO PERMIT (PERMIT_ID, ZONE, START_DATE, EXPIRY_DATE, EXPIRY_TIME, CAR_MANUFACTURER, MODEL, YEAR, COLOR, VEHICLE_NUMBER, SPACE_TYPE) VALUES ('20B0001B',	'B',	TO_DATE('2020-08-10','YYYY-MM-DD'),		TO_DATE('2021-08-09','YYYY-MM-DD'),		TO_TIMESTAMP('2021-08-09 23:59:00','YYYY-MM-DD HH24:MI:SS')	,	'Nissan',	'LEAF',	2018,	'black',	'VTZ87543', 'electric');
INSERT INTO PERMIT (PERMIT_ID, ZONE, START_DATE, EXPIRY_DATE, EXPIRY_TIME, CAR_MANUFACTURER, MODEL, YEAR, COLOR, VEHICLE_NUMBER, SPACE_TYPE) VALUES ('20CS001C',	'CS',	TO_DATE('2020-08-15','YYYY-MM-DD'),		TO_DATE('2020-12-14','YYYY-MM-DD'),	    TO_TIMESTAMP('2020-12-14 23:59:00','YYYY-MM-DD HH24:MI:SS')	,	'Chevrolet',	'Cruze',	'2014',	'silver',	'UGB9020', 'handicapped');
INSERT INTO PERMIT (PERMIT_ID, ZONE, START_DATE, EXPIRY_DATE, EXPIRY_TIME, CAR_MANUFACTURER, MODEL, YEAR, COLOR, VEHICLE_NUMBER) VALUES ('20D0021D',	'D',	TO_DATE('2020-07-10','YYYY-MM-DD'),		TO_DATE('2021-07-09','YYYY-MM-DD'),		TO_TIMESTAMP('2021-07-09 23:59:00','YYYY-MM-DD HH24:MI:SS'),	'BMW',	'X5'	,2017,	'white',	'TIR3487');
INSERT INTO PERMIT (PERMIT_ID, ZONE, START_DATE, EXPIRY_DATE, EXPIRY_TIME, CAR_MANUFACTURER, MODEL, YEAR, COLOR, VEHICLE_NUMBER) VALUES ('20D0021D',	'D',	TO_DATE('2020-07-10','YYYY-MM-DD'),		TO_DATE('2021-07-09','YYYY-MM-DD'),		TO_TIMESTAMP('2021-07-09 23:59:00','YYYY-MM-DD HH24:MI:SS')	,	'Honda',	'Odyssey',	2016,	'blue',	'RPU1824');
INSERT INTO PERMIT (PERMIT_ID, ZONE, START_DATE, EXPIRY_DATE, EXPIRY_TIME, CAR_MANUFACTURER, MODEL, YEAR, COLOR, VEHICLE_NUMBER) VALUES ('20AS016S',	'AS',	TO_DATE('2020-09-01','YYYY-MM-DD'),		TO_DATE('2020-12-31','YYYY-MM-DD'),	    TO_TIMESTAMP('2020-12-31 23:59:00','YYYY-MM-DD HH24:MI:SS')	,	'Hyundai',	'Elantra',	2011,	'red'	,'NEV9889');
INSERT INTO PERMIT (PERMIT_ID, ZONE, START_DATE, EXPIRY_DATE, EXPIRY_TIME, CAR_MANUFACTURER, MODEL, YEAR, COLOR, VEHICLE_NUMBER) VALUES ('20A0052A',	'A',	TO_DATE('2020-07-29','YYYY-MM-DD'),		TO_DATE('2021-07-28','YYYY-MM-DD'),		TO_TIMESTAMP('2021-07-28 23:59:00','YYYY-MM-DD HH24:MI:SS'),	'Acura',	'RDX'	,2009	,'black'	,'KTP2003');



INSERT INTO VISITOR (PERMIT_ID, VEHICLE_NUMBER, PHONE_NUMBER, ZONE_DESIGNATION, ADDRESS, NAME, SPACE_NUMBER) VALUES ('20V0001A',	'CDF5731',	123457890,		'A, B, C, D, AS, BS, CS, DS, V', '2108 McKent St, NC 27507',	'Premiere Lot',		200);
INSERT INTO VISITOR (PERMIT_ID, VEHICLE_NUMBER, PHONE_NUMBER, ZONE_DESIGNATION, ADDRESS, NAME, SPACE_NUMBER) VALUES ('20V0021B',	'TRK1093',	123457891,		'AS, BS, CS,DS, V' ,'2704 Ben Clark St, NC 26701'	,'Justice Lot',		160);
INSERT INTO VISITOR (PERMIT_ID, VEHICLE_NUMBER, PHONE_NUMBER, ZONE_DESIGNATION, ADDRESS, NAME, SPACE_NUMBER) VALUES ('20V0015J',	'UGY9123',	123457892,		'AS, BS, CS,DS, V' ,'2704 Ben Clark St, NC 26701'	,'Justice Lot',		151);
INSERT INTO VISITOR (PERMIT_ID, VEHICLE_NUMBER, PHONE_NUMBER, ZONE_DESIGNATION, ADDRESS, NAME, SPACE_NUMBER) VALUES ('20V0021L',	'AKL1732',	123457893,		'AS, BS, CS,DS, V' ,'2704 Ben Clark St, NC 26701'	,'Justice Lot',		173);
INSERT INTO VISITOR (PERMIT_ID, VEHICLE_NUMBER, PHONE_NUMBER, ZONE_DESIGNATION, ADDRESS, NAME, SPACE_NUMBER) VALUES ('20V0026P',	'UWA1118',	123457894,		'AS, BS, CS,DS, V' ,'2704 Ben Clark St, NC 26701'	,'Justice Lot',		153);
INSERT INTO VISITOR (PERMIT_ID, VEHICLE_NUMBER, PHONE_NUMBER, ZONE_DESIGNATION, ADDRESS, NAME, SPACE_NUMBER) VALUES ('20V0012B',	'TRK1093',	123457891,		'A, B, C, D, AS, BS, CS, DS, V', '2108 McKent St, NC 27507'	,'Premiere Lot',		200);


-- select * from SPACES;

-- INSERT INTO PERMIT (PERMIT_ID, ZONE, START_DATE, EXPIRY_DATE, EXPIRY_TIME, CAR_MANUFACTURER, MODEL, YEAR, COLOR, VEHICLE_NUMBER) VALUES ('20V0001A', 'V',	TO_DATE('2020-08-12','YYYY-MM-DD'),		TO_DATE('2020-08-12','YYYY-MM-DD'),		TO_TIMESTAMP('2020-08-12 16:00:00','YYYY-MM-DD HH24:MI:SS'),	'Toyota',	'Camry',	'2018',	'RED',	'CDF5731');
-- INSERT INTO PERMIT (PERMIT_ID, ZONE, START_DATE, EXPIRY_DATE, EXPIRY_TIME, CAR_MANUFACTURER, MODEL, YEAR, COLOR, VEHICLE_NUMBER) VALUES ('20V0021B',	'V',	TO_DATE('2020-08-14','YYYY-MM-DD'),		TO_DATE('2020-08-14','YYYY-MM-DD'),		TO_TIMESTAMP('2020-08-14 14:00:00','YYYY-MM-DD HH24:MI:SS')	,	'Kia',	'Rio',	'2017',	'blue',	'TRK1093');
-- INSERT INTO PERMIT (PERMIT_ID, ZONE, START_DATE, EXPIRY_DATE, EXPIRY_TIME, CAR_MANUFACTURER, MODEL, YEAR, COLOR, VEHICLE_NUMBER, SPACE_TYPE) VALUES ('20V0015J',	'V',	TO_DATE('2020-08-17','YYYY-MM-DD'),		TO_DATE('2020-08-17','YYYY-MM-DD'),		TO_TIMESTAMP('2020-08-17 12:10:00','YYYY-MM-DD HH24:MI:SS')	,	'Nissan',	'Maxima',	2015,	'black',	'UGY9123', 'handicapped');
-- INSERT INTO PERMIT (PERMIT_ID, ZONE, START_DATE, EXPIRY_DATE, EXPIRY_TIME, CAR_MANUFACTURER, MODEL, YEAR, COLOR, VEHICLE_NUMBER, SPACE_TYPE) VALUES ('20V0021L',	'V',	TO_DATE('2020-08-17','YYYY-MM-DD'),		TO_DATE('2020-08-17','YYYY-MM-DD'),		TO_TIMESTAMP('2020-08-17 12:45:00','YYYY-MM-DD HH24:MI:SS')	,	'Tesla',	'Model X'	,2019,	'silver'	,'AKL1732','electric');
-- INSERT INTO PERMIT (PERMIT_ID, ZONE, START_DATE, EXPIRY_DATE, EXPIRY_TIME, CAR_MANUFACTURER, MODEL, YEAR, COLOR, VEHICLE_NUMBER, SPACE_TYPE) VALUES ('20V0026P',	'V',	TO_DATE('2020-08-19','YYYY-MM-DD'),		TO_DATE('2020-08-19','YYYY-MM-DD'),		TO_TIMESTAMP('2020-08-19 16:50:00','YYYY-MM-DD HH24:MI:SS')	,	'Audi',	'Q3',	'2016',	'white',	'UWA1118', 'handicapped');
-- INSERT INTO PERMIT (PERMIT_ID, ZONE, START_DATE, EXPIRY_DATE, EXPIRY_TIME, CAR_MANUFACTURER, MODEL, YEAR, COLOR, VEHICLE_NUMBER) VALUES ('20V0012B',	'V',	TO_DATE('2020-09-21','YYYY-MM-DD'),		TO_DATE('2020-09-21','YYYY-MM-DD'),		TO_TIMESTAMP('2020-09-21 13:30:00','YYYY-MM-DD HH24:MI:SS')	,	'Kia',	'Rio',	'2017'	,'blue',	'TRK1093');
-- INSERT INTO PERMIT (PERMIT_ID, ZONE, START_DATE, EXPIRY_DATE, EXPIRY_TIME, CAR_MANUFACTURER, MODEL, YEAR, COLOR, VEHICLE_NUMBER, SPACE_TYPE) VALUES ('20B0001B',	'B',	TO_DATE('2020-08-10','YYYY-MM-DD'),		TO_DATE('2021-08-09','YYYY-MM-DD'),		TO_TIMESTAMP('2021-08-09 23:59:00','YYYY-MM-DD HH24:MI:SS')	,	'Nissan',	'LEAF',	2018,	'black',	'VTZ87543', 'electric');
-- INSERT INTO PERMIT (PERMIT_ID, ZONE, START_DATE, EXPIRY_DATE, EXPIRY_TIME, CAR_MANUFACTURER, MODEL, YEAR, COLOR, VEHICLE_NUMBER, SPACE_TYPE) VALUES ('20CS001C',	'CS',	TO_DATE('2020-08-15','YYYY-MM-DD'),		TO_DATE('2020-12-14','YYYY-MM-DD'),	    TO_TIMESTAMP('2020-12-14 23:59:00','YYYY-MM-DD HH24:MI:SS')	,	'Chevrolet',	'Cruze',	'2014',	'silver',	'UGB9020', 'handicapped');
-- INSERT INTO PERMIT (PERMIT_ID, ZONE, START_DATE, EXPIRY_DATE, EXPIRY_TIME, CAR_MANUFACTURER, MODEL, YEAR, COLOR, VEHICLE_NUMBER) VALUES ('20D0021D',	'D',	TO_DATE('2020-07-10','YYYY-MM-DD'),		TO_DATE('2021-07-09','YYYY-MM-DD'),		TO_TIMESTAMP('2021-07-09 23:59:00','YYYY-MM-DD HH24:MI:SS'),	'BMW',	'X5'	,2017,	'white',	'TIR3487');
-- INSERT INTO PERMIT (PERMIT_ID, ZONE, START_DATE, EXPIRY_DATE, EXPIRY_TIME, CAR_MANUFACTURER, MODEL, YEAR, COLOR, VEHICLE_NUMBER) VALUES ('20D0021D',	'D',	TO_DATE('2020-07-10','YYYY-MM-DD'),		TO_DATE('2021-07-09','YYYY-MM-DD'),		TO_TIMESTAMP('2021-07-09 23:59:00','YYYY-MM-DD HH24:MI:SS')	,	'Honda',	'Odyssey',	2016,	'blue',	'RPU1824');
-- INSERT INTO PERMIT (PERMIT_ID, ZONE, START_DATE, EXPIRY_DATE, EXPIRY_TIME, CAR_MANUFACTURER, MODEL, YEAR, COLOR, VEHICLE_NUMBER) VALUES ('20AS016S',	'AS',	TO_DATE('2020-09-01','YYYY-MM-DD'),		TO_DATE('2020-12-31','YYYY-MM-DD'),	    TO_TIMESTAMP('2020-12-31 23:59:00','YYYY-MM-DD HH24:MI:SS')	,	'Hyundai',	'Elantra',	2011,	'red'	,'NEV9889');
-- INSERT INTO PERMIT (PERMIT_ID, ZONE, START_DATE, EXPIRY_DATE, EXPIRY_TIME, CAR_MANUFACTURER, MODEL, YEAR, COLOR, VEHICLE_NUMBER) VALUES ('20A0052A',	'A',	TO_DATE('2020-07-29','YYYY-MM-DD'),		TO_DATE('2021-07-28','YYYY-MM-DD'),		TO_TIMESTAMP('2021-07-28 23:59:00','YYYY-MM-DD HH24:MI:SS'),	'Acura',	'RDX'	,2009	,'black'	,'KTP2003');


--
-- INSERT INTO VISITOR (PERMIT_ID, VEHICLE_NUMBER, PHONE_NUMBER, ZONE_DESIGNATION, ADDRESS, NAME, SPACE_NUMBER) VALUES ('20V0001A',	'CDF5731',	123457890,		'A, B, C, D, AS, BS, CS, DS, V', '2108 McKent St, NC 27507',	'Premiere Lot',		200);
-- INSERT INTO VISITOR (PERMIT_ID, VEHICLE_NUMBER, PHONE_NUMBER, ZONE_DESIGNATION, ADDRESS, NAME, SPACE_NUMBER) VALUES ('20V0021B',	'TRK1093',	123457891,		'AS, BS, CS,DS, V' ,'2704 Ben Clark St, NC 26701'	,'Justice Lot',		160);
-- INSERT INTO VISITOR (PERMIT_ID, VEHICLE_NUMBER, PHONE_NUMBER, ZONE_DESIGNATION, ADDRESS, NAME, SPACE_NUMBER) VALUES ('20V0015J',	'UGY9123',	123457892,		'AS, BS, CS,DS, V' ,'2704 Ben Clark St, NC 26701'	,'Justice Lot',		151);
-- INSERT INTO VISITOR (PERMIT_ID, VEHICLE_NUMBER, PHONE_NUMBER, ZONE_DESIGNATION, ADDRESS, NAME, SPACE_NUMBER) VALUES ('20V0021L',	'AKL1732',	123457893,		'AS, BS, CS,DS, V' ,'2704 Ben Clark St, NC 26701'	,'Justice Lot',		173);
-- INSERT INTO VISITOR (PERMIT_ID, VEHICLE_NUMBER, PHONE_NUMBER, ZONE_DESIGNATION, ADDRESS, NAME, SPACE_NUMBER) VALUES ('20V0026P',	'UWA1118',	123457894,		'AS, BS, CS,DS, V' ,'2704 Ben Clark St, NC 26701'	,'Justice Lot',		153);
-- INSERT INTO VISITOR (PERMIT_ID, VEHICLE_NUMBER, PHONE_NUMBER, ZONE_DESIGNATION, ADDRESS, NAME, SPACE_NUMBER) VALUES ('20V0012B',	'TRK1093',	123457891,		'A, B, C, D, AS, BS, CS, DS, V', '2108 McKent St, NC 27507'	,'Premiere Lot',		200);


INSERT INTO NON_VISITOR (UNVID, PERMIT_ID, VEHICLE_NUMBER, S_E) VALUES (1007999,	'20B0001B',	'VTZ87543', 'E');
INSERT INTO NON_VISITOR (UNVID, PERMIT_ID, VEHICLE_NUMBER) VALUES (1006003,	'20CS001C',	'UGB9020');
INSERT INTO NON_VISITOR (UNVID, PERMIT_ID, VEHICLE_NUMBER, S_E) VALUES (1006020,	'20D0021D',	'TIR3487', 'E');
INSERT INTO NON_VISITOR (UNVID, PERMIT_ID, VEHICLE_NUMBER, S_E) VALUES (1006020,	'20D0021D',	'RPU1824', 'E');
INSERT INTO NON_VISITOR (UNVID, PERMIT_ID, VEHICLE_NUMBER) VALUES (1006135,	'20AS016S',	'NEV9889');
INSERT INTO NON_VISITOR (UNVID, PERMIT_ID, VEHICLE_NUMBER, S_E) VALUES (1006022,	'20A0052A',	'KTP2003', 'E');



INSERT INTO CITATION(car_license_number, MODEL, COLOR, CITATION_DATE,   ZONE_DESIGNATION, ADDRESS, NAME, CITATION_TIME, VIOLATION_CATEGORY, FEES, DUE, STATUS) VALUES ( 'TRK1093',	'Rio',	'Blue',	TO_DATE('2020-08-14','YYYY-MM-DD'),   'AS, BS, CS,DS, V' ,'2704 Ben Clark St, NC 26701',	'Justice Lot',TO_TIMESTAMP('2020-08-14 14:40:00','YYYY-MM-DD HH24:MI:SS'), 'Expired'	,	25 , TO_DATE('2020-09-13','YYYY-MM-DD')  ,1);
INSERT INTO CITATION(car_license_number, MODEL, COLOR, CITATION_DATE,   ZONE_DESIGNATION, ADDRESS, NAME, CITATION_TIME, VIOLATION_CATEGORY, FEES, DUE, STATUS) VALUES ('UGY9123',	'Maxima',	'Black', TO_DATE('2020-08-17','YYYY-MM-DD'),	 'AS, BS, CS,DS, V' ,'2704 Ben Clark St, NC 26701',	'Justice Lot' ,TO_TIMESTAMP('2020-08-14 12:55:00','YYYY-MM-DD HH24:MI:SS'), 'Expired',		25,TO_DATE('2020-09-16','YYYY-MM-DD')  ,0);
INSERT INTO CITATION(car_license_number, MODEL, COLOR, CITATION_DATE,   ZONE_DESIGNATION, ADDRESS, NAME, CITATION_TIME, VIOLATION_CATEGORY, FEES, DUE, STATUS) VALUES ('AKL1732',	'Model X',	'Silver', TO_DATE('2020-08-17','YYYY-MM-DD'), 'AS, BS, CS,DS, V' ,'2704 Ben Clark St, NC 26701',	'Justice Lot',TO_TIMESTAMP('2020-08-14 13:00:00','YYYY-MM-DD HH24:MI:SS'),	 'Expired',		25, TO_DATE('2020-09-16','YYYY-MM-DD') ,0);
INSERT INTO CITATION(car_license_number, MODEL, COLOR, CITATION_DATE,   ZONE_DESIGNATION, ADDRESS, NAME, CITATION_TIME, VIOLATION_CATEGORY, FEES, DUE, STATUS) VALUES ('NEV9889',	'Elantra',	'Red',	TO_DATE('2020-09-10','YYYY-MM-DD'),  'AS, BS, CS,DS, V' ,'2704 Ben Clark St, NC 26701',	'Justice Lot', TO_TIMESTAMP('2020-08-14 15:50:00','YYYY-MM-DD HH24:MI:SS'),	 'Invalid', 		20, TO_DATE('2020-10-09','YYYY-MM-DD') ,0);
INSERT INTO CITATION(car_license_number, MODEL, COLOR, CITATION_DATE,   ZONE_DESIGNATION, ADDRESS, NAME, CITATION_TIME, VIOLATION_CATEGORY, FEES, DUE, STATUS) VALUES ('PTL5642',	'Sentra',	'Black',TO_DATE('2020-09-14','YYYY-MM-DD'),'A, B, C, D', '2105 Daniel Allen St, NC 27505',  'Freedom Lot', TO_TIMESTAMP('2020-08-14 10:05:00','YYYY-MM-DD HH24:MI:SS'),	 'No Permit', 40 ,TO_DATE('2020-10-13','YYYY-MM-DD') ,1);
INSERT INTO CITATION(car_license_number, MODEL, COLOR, CITATION_DATE,   ZONE_DESIGNATION, ADDRESS, NAME, CITATION_TIME, VIOLATION_CATEGORY, FEES, DUE, STATUS) VALUES ('TRK1093',	'Rio',	'Blue', TO_DATE('2020-09-21','YYYY-MM-DD'),	 'A, B, C, D, AS, BS, CS, DS, V', '2108 McKent St, NC 27507','Premiere Lot' ,TO_TIMESTAMP('2020-08-14 14:00:00','YYYY-MM-DD HH24:MI:SS'), 'Expired', 	25, TO_DATE('2020-10-20','YYYY-MM-DD') ,0);

-- INSERT INTO NOTIFICATION(CITATION_NO, UNIV) VALUES (5, 1006135);
-- INSERT INTO NOTIFICATION(CITATION_NO, PHONENUMBER) VALUES (2, 123457891);
-- INSERT INTO NOTIFICATION(CITATION_NO, PHONENUMBER) VALUES (7, 123457891);
-- INSERT INTO NOTIFICATION(CITATION_NO, PHONENUMBER) VALUES (4, 123457893);
-- INSERT INTO NOTIFICATION(CITATION_NO, PHONENUMBER) VALUES (3, 123457892);
-- INSERT INTO NOTIFICATION(CITATION_NO) VALUES (6);